genus,Changhsingian,Griesbachian,Dienerian,Smithian,Spathian,Aegean,Bithynian,Pelsonian,Illyrian,Anisian
Abichites,1,0,0,0,0,0,0,0,0,0
Abrekia,0,1,0,1,0,1,0,0,0,0
Abrekites,0,0,0,1,0,0,0,0,0,0
Abrekopsis,0,1,1,1,1,0,0,0,0,0
Acanthopecten,1,0,0,0,0,0,0,0,0,0
Acharax,1,0,0,0,0,0,0,0,0,0
Acilia,0,0,0,0,0,0,0,0,0,1
Aclisina,1,0,0,0,1,0,0,0,0,0
Acosarina,1,1,0,0,0,0,0,0,0,0
Acrochordiceras,0,0,0,1,0,1,1,1,1,1
Acteonina,1,0,0,0,0,0,0,0,0,0
Actinodontophora,1,0,0,0,0,0,0,0,0,0
Acutomeekoceras,0,0,0,1,0,0,0,0,0,0
Adygella,0,0,0,0,0,1,1,0,1,1
Aegeiceras,0,0,0,0,0,1,1,0,0,1
Aequipecten,0,0,0,0,0,0,0,0,0,1
Aequspiriferina,0,0,0,0,0,0,0,0,0,1
Aghdarbandites,0,0,0,0,0,1,1,0,0,0
Alanites,0,0,0,0,0,0,1,1,0,0
Alatoproductus,1,0,0,0,0,0,0,0,0,0
Alatorthotetina,1,0,0,0,0,0,0,0,0,0
Albanites,0,0,0,0,1,1,0,0,0,0
Aldanoceras,1,1,0,0,0,0,0,0,0,0
Alibashites,1,0,0,0,0,0,0,0,0,0
Allocosmia,0,0,0,0,0,0,0,1,0,1
Allorhynchus,1,0,0,0,0,0,0,0,0,0
Allorisma,1,0,0,0,0,0,0,0,0,0
Alphaneospirifer,1,0,0,0,0,0,0,0,0,0
Altadema,0,1,1,0,0,0,0,0,0,0
Alula,1,0,0,0,0,0,0,0,0,0
Ambikella,1,0,0,0,0,0,0,0,0,0
Ambites,0,1,1,1,0,0,0,0,0,0
Ambitoides,0,0,1,0,0,0,0,0,0,0
Ambocoeliidae,0,1,0,0,0,0,0,0,0,0
Ammonitida,0,0,0,0,0,0,0,0,0,1
Ammonoidea,1,1,0,1,1,0,0,1,0,0
Ampezzopleura,0,0,0,1,0,0,0,0,0,0
Amphijanira,0,0,0,0,0,0,1,0,0,0
Amphipopanoceras,0,0,0,0,0,1,1,1,1,1
Amphistephanites,0,0,0,1,0,0,0,0,0,0
Ampullina,0,0,0,0,0,0,0,0,0,1
Amygdalocosta,1,0,0,0,0,0,0,0,0,0
Anaflemingites,0,0,0,1,0,0,0,0,0,0
Anagymnites,0,0,0,0,0,1,1,0,1,1
Anagymnotoceras,0,0,0,0,0,0,1,1,1,1
Anahedenstroemia,0,0,0,1,1,0,0,0,0,0
Anakashmirites,0,0,0,1,1,0,0,0,0,0
Ananias,1,0,0,0,0,0,0,0,0,1
Ananorites,0,0,0,0,0,0,0,0,0,1
Anasibirites,0,0,0,1,1,0,0,0,0,0
Anawasatchites,0,0,0,1,0,0,0,0,0,0
Anaxenaspis,0,0,0,1,1,0,0,0,0,0
Anchorhynchia,1,0,0,0,0,0,0,0,0,0
Ancorhynchia,1,0,0,0,0,0,0,0,0,0
Anematina,1,0,0,0,0,0,0,0,0,0
Angustothyris,0,0,0,0,0,0,1,1,1,1
Anidanthus,1,0,0,0,0,0,0,0,0,0
Anisactinella,0,0,0,0,0,0,0,0,0,1
Annuliconcha,1,0,0,0,0,0,0,0,0,0
Anodontophora,0,1,1,0,0,0,0,0,0,0
Anomalodesmata,0,0,0,0,0,0,1,0,0,0
Anomia,1,1,0,0,0,0,0,0,0,0
Anomphalus,1,1,0,1,0,0,0,0,0,1
Anotoceras,0,1,1,0,0,0,0,0,0,0
Antezeilleria,0,0,0,0,1,0,0,0,0,0
Aorhynchia,0,0,0,0,0,0,0,0,0,1
Apachella,1,0,0,0,0,0,0,0,0,0
Aparimarhynchia,0,0,0,0,0,0,0,0,0,1
Aperispirifer,1,0,0,0,0,0,0,0,0,0
Aplococeras,0,0,0,0,0,0,0,0,1,1
Arasella,1,0,0,0,0,0,0,0,0,0
Araxathyris,1,1,0,0,0,0,0,0,0,0
Araxoceras,1,0,0,0,0,0,0,0,0,0
Arca,0,0,0,0,0,0,0,0,0,1
Arcavicula,0,0,0,0,1,0,0,1,0,0
Arcestes,0,0,0,1,0,0,0,1,1,1
Arcomya,0,0,0,0,1,0,0,1,0,0
Arcoptera,0,0,0,0,0,0,0,0,1,0
Arctitreta,1,0,0,0,0,0,0,0,0,0
Arctocardinia,0,0,0,0,0,1,0,0,0,0
Arctoceras,0,0,1,1,1,1,0,0,0,0
Arctoceratidae,0,0,0,1,0,0,0,0,0,0
Arctogymnites,0,0,0,0,0,0,0,0,1,1
Arctohungarites,0,0,0,0,1,1,1,1,0,1
Arctomeekoceras,0,0,0,0,1,0,0,0,0,0
Arctophyllites,0,0,0,0,0,0,0,0,0,1
Arctoprionites,0,0,0,1,1,0,0,0,0,0
Arctoptychites,0,0,0,0,0,0,0,0,0,1
Arcullina,1,0,0,0,0,0,0,0,0,0
Argolites,0,0,0,0,0,0,0,0,0,1
Arianites,0,0,0,0,1,0,0,0,0,0
Aristoptychites,0,0,0,0,0,0,0,0,1,0
Arnautoceltites,0,0,0,1,1,0,0,0,0,0
Arpadites,0,0,0,0,0,0,0,0,0,1
Arthaberites,0,0,0,0,0,0,0,0,1,0
Asoella,0,1,0,1,0,0,1,1,0,1
Aspenites,0,0,1,1,1,0,0,0,0,0
Asperlinus,1,0,0,0,0,0,0,0,0,0
Aspidites,0,0,0,1,0,0,0,0,0,0
Asseretoceras,0,0,0,0,0,0,0,0,1,1
Astarte,0,0,0,0,0,0,0,1,0,1
Astartella,1,1,0,0,1,0,0,0,0,0
Astartellopsis,0,0,0,0,0,0,0,0,0,1
Astartidae,0,0,0,0,1,0,0,0,0,0
Astartila,1,0,0,0,0,0,0,0,0,0
Astartopsis,0,1,0,0,0,0,0,0,0,0
Athyrella,1,0,0,0,0,0,0,0,0,0
Athyrididae,1,0,0,0,0,0,0,0,0,0
Athyris,1,0,0,0,0,0,0,1,0,1
Athyrorhynchia,0,0,0,0,0,0,0,0,0,1
Atomodesma,1,1,0,0,0,0,0,0,0,0
Atorcula,0,0,0,1,0,0,0,0,0,0
Atriboniidae,0,0,0,1,0,0,0,0,0,0
Atrina,0,0,0,0,0,0,1,1,0,0
Attenuatella,1,0,0,0,0,0,0,0,0,0
Augustaceras,0,0,0,0,0,0,1,1,0,0
Aulacothyris,0,0,0,0,0,0,0,1,1,1
Aulacothyroides,0,0,0,0,0,0,0,0,0,1
Aulosteges,1,0,0,0,0,0,0,0,0,0
Aulostegidae,1,0,0,0,0,0,0,0,0,0
Aurilinoproductus,1,0,0,0,0,0,0,0,0,0
Austriellula,0,0,0,0,1,0,1,1,0,1
Austrotindaria,1,1,1,1,1,0,0,0,0,0
Avichlamys,0,0,0,0,1,0,1,0,0,0
Avicula,1,0,0,0,1,0,0,0,1,1
Aviculolima,0,0,0,0,0,0,0,0,0,1
Aviculomyalina,0,0,0,0,0,0,0,0,1,0
Aviculopecten,1,1,1,1,1,0,0,0,0,1
Aviculopectinidae,1,1,0,0,0,0,0,0,0,0
Aviculopectinoidea,1,1,0,0,0,0,0,0,0,0
Aviculopinna,1,0,0,0,0,0,0,0,0,0
Awanites,0,0,1,0,0,0,0,0,0,0
Azarianites,0,0,0,0,0,1,1,0,0,0
Baidites,0,0,0,1,0,0,0,0,0,0
Bajarunia,0,0,0,1,1,0,0,0,0,0
Bajkuria,1,0,0,0,0,0,0,0,0,0
Bakevellia,1,1,1,1,1,1,1,1,1,1
Bakevelliidae,0,0,0,0,0,0,1,0,0,0
Balatonites,0,0,0,1,0,0,0,1,1,1
Balatonospira,0,0,0,0,0,0,0,0,0,1
Balhaeceras,0,0,0,1,0,0,0,0,0,0
Bandoites,0,0,0,1,0,0,0,0,0,0
Bandoproductus,1,0,0,0,0,0,0,0,0,0
Battenizyga,0,0,0,1,0,0,0,0,0,0
Baylea,1,0,0,0,0,0,0,0,0,0
Beatites,0,0,0,0,1,0,0,0,0,0
Beaumontites,0,0,0,0,0,0,0,0,0,1
Bellerophon,1,1,1,0,0,0,0,0,0,0
Bellerophontida,0,1,0,0,0,0,0,0,0,0
Bellerophontidae,1,1,1,0,0,0,0,0,0,0
Bellerophontoidea,0,1,0,1,0,0,0,0,0,0
Beneckeia,0,0,0,0,0,1,1,1,0,1
Betaneospirifer,1,0,0,0,0,0,0,0,0,0
Beyrichites,0,0,0,0,1,1,1,1,1,1
Beyrichitinae,0,0,0,0,0,0,0,1,1,1
Bicamella,1,0,0,0,0,0,0,0,0,0
Bicarinella,1,0,0,0,0,0,0,0,0,0
Billingsites,0,0,0,0,0,0,0,0,1,0
Biplatyconcha,1,0,0,0,0,0,0,0,0,0
Bittnerites,0,0,0,0,1,0,0,0,0,0
Bittnerithyris,0,1,1,1,1,0,0,0,0,0
Bivalvia,1,1,1,1,1,1,0,1,1,1
Blasispirifer,1,0,0,0,0,0,0,0,0,0
Boreiohungarites,0,0,0,0,0,0,0,0,0,1
Boreomeekoceras,0,0,0,1,1,0,0,0,0,0
Bositra,0,1,1,1,1,0,1,1,1,1
Botulopsis,0,0,0,0,0,0,0,1,0,1
Bourguetia,0,0,0,0,0,0,0,0,0,1
Boutillieria,0,0,0,1,0,0,0,0,0,0
Brachiopoda,1,0,0,1,1,1,0,1,0,1
Brachythyrina,1,0,0,0,0,0,0,0,0,0
Brackites,0,0,0,0,0,0,0,0,1,0
Bradyia,0,0,0,0,0,1,1,0,0,0
Brayardites,0,0,0,1,0,0,0,0,0,0
Bronzoria,0,0,0,0,1,1,0,0,1,1
Bucania,1,0,0,0,0,0,0,0,0,0
Bucanopsis,1,0,0,0,0,0,0,0,0,0
Buccinites,0,0,0,0,0,0,0,1,0,1
Buddhaites,0,0,0,0,0,0,1,0,0,1
Bukkenites,0,1,1,0,0,0,0,0,0,0
Bukowskiites,0,0,0,0,0,0,0,0,0,1
Bullarina,1,0,0,0,0,0,0,0,0,0
Bullatihungarites,0,0,0,0,0,0,0,0,1,0
Bulogites,0,0,0,0,0,0,0,1,1,1
Burijites,0,0,0,1,1,0,0,0,0,0
Byrrangoceras,0,0,0,0,1,0,0,0,0,0
Calliotropis,0,0,0,0,0,0,0,1,0,0
Callispirina,1,0,0,0,0,0,0,0,0,0
Callistadia,1,0,0,0,0,0,0,0,0,0
Callitomaria,1,0,0,0,0,0,0,0,0,0
Calvaentolium,0,0,0,0,0,0,0,0,1,1
Camarophorinella,1,0,0,0,0,0,0,0,0,0
Camerenteletes,1,0,0,0,0,0,0,0,0,0
Camptonectes,0,0,0,0,0,0,0,0,0,1
Cancellotomaria,0,0,0,0,0,0,0,0,1,0
Cancrinella,1,0,0,0,0,0,0,0,0,0
Capillomesolobus,1,0,0,0,0,0,0,0,0,0
Capillonia,1,0,0,0,0,0,0,0,0,0
Cardinia,0,0,1,0,0,0,0,1,0,1
Cardinioides,0,0,0,0,1,0,0,0,0,1
Cardiomorpha,0,0,0,0,0,0,0,0,0,1
Cardita,0,0,0,0,1,0,0,0,0,0
Carditoidea,0,0,0,0,1,0,0,0,0,0
Caribouceras,0,0,0,0,1,0,0,0,0,0
Caricula,1,0,0,0,0,0,0,0,0,0
Carteria,0,0,0,0,1,0,0,0,0,0
Cartorhium,1,0,0,0,0,0,0,0,0,0
Cassianella,0,0,0,0,0,1,0,1,1,1
Cassianoides,1,0,0,0,0,0,0,0,0,0
Cassianospira,0,0,0,0,0,0,0,1,0,0
Catella,0,0,0,0,0,0,0,0,0,1
Cathaysia,1,1,0,0,0,0,0,0,0,0
Caucasites,0,0,0,0,0,1,1,0,0,0
Caucasoproductus,1,0,0,0,0,0,0,0,0,0
Caucasorhynchella,0,0,0,0,0,0,0,1,0,1
Caucasorhynchia,0,0,0,0,0,0,0,1,1,1
Ceccaceras,0,0,0,0,0,0,0,0,1,0
Ceccaisculitoides,0,0,0,0,1,0,0,0,0,0
Celtites,0,0,0,1,1,0,0,0,1,1
Celtitidae,0,0,0,0,0,0,0,0,1,0
Ceratites,0,0,0,1,1,0,0,1,1,1
Ceratitida,0,1,1,1,1,0,0,0,1,1
Ceratitidae,0,0,0,0,0,0,0,1,1,0
Ceratitina,0,0,0,0,0,0,0,0,0,1
Ceraunocochlis,1,0,0,0,0,0,0,0,0,0
Chaenomya,1,0,0,0,0,0,0,0,0,0
Changhsingoceras,1,0,0,0,0,0,0,0,0,0
Chaohochonetes,1,0,0,0,0,0,0,0,0,0
Chaotianoceras,1,0,0,0,0,0,0,0,0,0
Chartronella,0,1,1,1,1,0,0,0,0,0
Cheilotomona,0,0,0,0,0,0,0,1,0,1
Chemnitzia,0,0,0,0,0,0,0,0,0,1
Chenxianoproductus,1,0,0,0,0,0,0,0,0,0
Chieseiceras,0,0,0,0,0,0,0,0,1,1
Chioceras,0,0,0,0,1,0,0,0,0,0
Chiotites,0,0,0,0,1,0,0,0,0,0
Chiratites,0,0,0,0,0,0,0,1,0,0
Chivatschella,1,0,0,0,0,0,0,0,0,0
Chlamys,0,0,0,1,1,0,1,0,0,1
Chonetella,1,0,0,0,0,0,0,0,0,0
Chonetes,1,1,0,0,0,0,0,0,0,0
Chonetidae,1,0,0,0,0,0,0,0,0,0
Chonetidina,1,0,0,0,0,0,0,0,0,0
Chonetinella,1,0,0,0,0,0,0,0,0,0
Chonetoidea,1,0,0,0,0,0,0,0,0,0
Chonopectoides,1,0,0,0,0,0,0,0,0,0
Choristitella,1,0,0,0,0,0,0,0,0,0
Chuanyanella,1,0,0,0,0,0,0,0,0,0
Chuluaria,0,0,0,1,1,0,0,0,0,0
Churkites,0,0,0,1,0,0,0,0,0,0
Cibecuia,1,0,0,0,0,0,0,0,0,0
Cimidae,0,0,0,0,0,0,0,1,0,0
Cinclidonema,1,0,0,0,0,0,0,0,0,0
Cirpa,0,0,0,0,0,0,0,0,0,1
Cladiscitidae,0,0,0,0,1,0,0,0,1,0
Claraia,1,1,1,1,1,0,0,0,1,1
Claraioides,1,0,0,0,0,0,0,0,0,0
Clavicosta,1,0,0,0,0,0,0,0,0,0
Cleidophorus,1,0,0,0,0,0,0,0,0,0
Cleiothyridellina,1,0,0,0,0,0,0,0,0,0
Cleiothyridina,1,0,0,0,0,0,0,0,0,0
Clivotirolites,1,0,0,0,0,0,0,0,0,0
Clypeoceras,0,0,1,1,1,0,0,0,0,0
Clypeoceratoides,0,0,0,1,0,0,0,0,0,0
Clypites,0,0,1,1,0,0,0,0,0,0
Codinella,0,0,0,0,0,0,0,0,1,1
Coelopis,0,0,0,0,0,0,0,1,0,0
Coelostylina,1,1,1,1,1,0,1,1,0,1
Coelostylinidae,0,0,0,0,0,0,0,1,0,0
Coenothyris,0,0,0,0,0,0,0,1,1,1
Coledium,1,0,0,0,0,0,0,0,0,0
Collabrina,1,0,0,0,0,0,0,0,0,0
Collemataria,1,0,0,0,0,0,0,0,0,0
Collignonites,0,0,1,1,0,0,0,0,0,0
Columbisculites,0,0,0,0,0,1,0,0,0,0
Columbites,0,0,0,0,1,0,0,0,0,0
Columboceras,0,0,0,0,0,1,0,0,0,0
Comelicania,1,0,0,0,0,0,0,0,0,0
Comelicothyris,1,0,0,0,0,0,0,0,0,0
Composita,1,0,0,0,0,0,0,0,0,0
Compressoproductus,1,0,0,0,0,0,0,0,0,0
Comuquia,1,0,0,0,0,0,0,0,0,0
Confusionella,0,0,0,1,0,0,0,0,0,0
Constrigymnites,0,0,0,0,0,0,0,1,0,0
Contraspina,1,0,0,0,0,0,0,0,0,0
Coolkilella,1,0,0,0,0,0,0,0,0,0
Corbula,0,0,0,0,0,0,0,0,1,0
Cordillerites,0,1,0,1,1,0,0,0,0,0
Coronopsis,1,0,0,0,0,0,0,0,0,0
Cortinaticopsis,0,0,0,0,0,0,0,0,0,1
Coscaites,0,0,0,0,1,0,0,0,0,0
Cossmannina,0,1,0,0,0,0,0,0,0,0
Costatoria,1,1,1,1,1,1,0,1,1,1
Costatumulus,1,0,0,0,0,0,0,0,0,0
Costiferina,1,0,0,0,0,0,0,0,0,0
Costigymnites,0,0,0,0,0,0,1,0,0,0
Costinorella,0,0,0,0,0,0,0,0,0,1
Costirhynchopsis,0,0,0,0,0,1,1,1,1,1
Costispinifera,1,0,0,0,0,0,0,0,0,0
Costispiniferini,1,0,0,0,0,0,0,0,0,0
Costispiriferina,0,0,0,0,0,0,0,1,0,0
Costisteges,1,0,0,0,0,0,0,0,0,0
Courtilloticeras,0,0,0,0,1,0,0,0,0,0
Cowboyiceras,0,0,0,0,1,0,0,0,0,0
Crassispirifer,1,0,0,0,0,0,0,0,0,0
Crenipecten,1,0,0,0,0,0,0,0,0,0
Crenispirifer,1,0,0,0,0,0,0,0,0,0
Crenulatomargus,0,0,0,0,0,0,0,0,0,1
Cristaflabellum,0,0,0,0,0,0,1,0,0,1
Crittendenia,0,1,1,1,1,0,0,1,0,1
Cruricella,1,0,0,0,0,0,0,0,0,0
Crurithyris,1,1,1,0,0,0,0,0,0,0
Cryptacanthia,1,0,0,0,0,0,0,0,0,0
Cryptonerita,0,0,0,0,0,0,0,1,0,0
Cuccoceras,0,0,0,0,0,0,1,1,0,1
Cucullaea,0,0,0,0,0,0,0,0,0,1
Cultriopsis,0,0,0,0,0,0,1,0,0,0
Curionia,0,0,0,0,0,0,0,1,0,1
Cyclobathmus,0,0,0,0,1,0,0,0,0,0
Cyclolobus,1,0,0,0,0,0,0,0,0,0
Cylindritopsis,1,0,0,0,0,0,0,0,0,0
Cylindrobullina,0,0,0,1,0,0,0,0,0,0
Cypricardia,0,0,0,0,0,0,0,0,0,1
Cyrolexis,1,0,0,0,0,0,0,0,0,0
Cyrtina,0,0,0,0,0,0,0,1,0,0
Cyrtorostra,1,0,0,0,0,0,0,0,0,0
Czekanowskites,0,0,0,1,1,1,1,1,0,1
Dacromya,1,1,0,0,1,0,0,0,0,1
Dacryomya,0,1,0,0,1,1,1,0,1,1
Dagnoceras,0,0,0,1,1,0,0,0,0,0
Dagyssia,0,0,0,0,0,0,0,1,0,1
Dalmatites,0,0,0,1,1,0,0,0,0,1
Damesiella,0,0,0,0,0,0,0,1,0,0
Danubites,0,1,0,1,0,1,1,1,1,1
Daonella,0,0,0,1,1,1,1,1,1,1
Dareithyris,0,0,0,0,0,0,1,0,0,0
Dasysaria,1,0,0,0,0,0,0,0,0,0
Daubichites,1,0,0,0,0,0,0,0,0,0
Decurtella,0,0,0,0,0,0,0,1,1,1
Delphinulopsis,0,0,0,0,0,0,0,1,0,1
Deltopecten,1,0,0,0,0,0,0,0,0,0
Deltopectininae,1,0,0,0,0,0,0,0,0,0
Demonedys,1,0,0,0,0,0,0,0,0,0
Derbyella,1,0,0,0,0,0,0,0,0,0
Derbyia,1,1,0,0,0,0,0,0,0,0
Detoniceras,0,0,0,0,0,0,0,0,1,1
Deweveria,0,0,0,0,1,0,0,0,0,0
Dianomya,0,0,0,0,0,0,0,0,0,1
Dicellonema,0,1,1,0,0,0,1,0,0,0
Dicosmos,0,0,0,0,0,0,0,1,0,0
Dictyoclostinae,1,0,0,0,0,0,0,0,0,0
Dictyoclostus,1,0,0,0,0,0,0,0,0,0
Dictyotomaria,1,0,0,0,0,0,0,1,0,0
Dielasma,1,0,0,0,0,0,0,0,0,0
Dielasmatidae,1,0,0,0,0,0,0,0,0,0
Dielasmatoidea,1,0,0,0,0,0,0,0,0,0
Dieneroceras,1,0,1,1,1,0,0,0,0,0
Diholkorhynchia,0,0,0,0,0,1,0,1,0,1
Dimorphoconcha,0,0,0,0,1,0,0,0,0,0
Dimorphotomaria,0,0,0,0,0,0,1,0,1,0
Dinarispira,0,0,0,0,0,0,1,1,1,1
Dinarites,0,0,1,1,1,0,0,0,0,1
Dioristella,0,0,0,0,1,0,0,0,0,0
Diplochilus,0,0,0,0,1,0,0,0,0,0
Diplospirella,0,0,0,0,0,0,0,0,0,1
Discina,0,1,0,0,0,0,0,1,0,0
Discinisca,0,0,0,0,1,0,0,1,0,1
Discoceratites,0,0,0,0,0,0,0,0,1,1
Discogymnites,0,0,0,0,0,1,0,0,0,0
Discohelicidae,0,0,0,0,0,0,0,1,0,0
Discohelix,0,0,0,0,0,0,0,1,0,1
Discophiceras,0,1,0,0,0,0,0,0,0,0
Discoproptychites,0,0,0,1,0,0,0,0,0,0
Discoptychites,0,0,0,0,0,1,1,1,1,1
Discotoma,0,0,0,0,0,0,0,0,0,1
Dixieceras,0,0,0,0,0,0,0,0,1,0
Dolponella,1,0,0,0,0,0,0,0,0,0
Donaldina,1,1,0,0,1,0,0,0,0,0
Donaldospira,1,0,0,0,0,0,0,0,0,0
Dorikranites,0,0,0,0,1,0,0,0,0,0
Dunbarella,1,0,0,0,0,0,0,0,0,0
Dunedinites,0,1,1,1,0,0,0,0,0,0
Durgaites,0,0,0,0,0,0,0,0,0,1
Dushanoceras,1,0,0,0,0,0,0,0,0,0
Dyasmya,1,0,0,0,0,0,0,0,0,0
Dystactella,1,0,0,0,0,0,0,0,0,0
Dzhulfites,1,0,0,0,0,0,0,0,0,0
Dzhulfitidae,1,0,0,0,0,0,0,0,0,0
Dzhulfoceras,1,0,0,0,0,0,0,0,0,0
Echinalosia,1,0,0,0,0,0,0,0,0,0
Echinauriella,1,0,0,0,0,0,0,0,0,0
Echinauris,1,0,0,0,0,0,0,0,0,0
Edmondia,1,0,0,0,0,0,0,0,0,0
Edriosteges,1,0,0,0,0,0,0,0,0,0
Elegantarca,0,0,0,0,0,0,0,1,0,1
Elegantinia,0,0,0,1,1,0,1,1,0,1
Elimata,1,0,0,0,0,0,0,0,0,0
Eliva,1,0,0,0,0,0,0,0,0,0
Elivina,1,0,0,0,0,0,0,0,0,0
Ellesmerella,0,0,0,1,1,0,0,0,0,1
Emeithyris,0,0,0,0,0,0,0,0,1,0
Enantiostreon,1,1,0,0,0,0,1,1,1,1
Enosolen,0,0,0,0,0,0,0,0,0,1
Ensipteria,1,0,0,0,0,0,0,0,0,0
Enteletella,1,0,0,0,0,0,0,0,0,0
Enteletes,1,0,0,0,0,0,0,0,0,0
Enteletina,1,0,0,0,0,0,0,0,0,0
Enteropleura,0,0,0,0,0,0,0,1,1,1
Entoliidae,1,1,1,0,0,0,0,0,0,0
Entolioides,0,0,1,1,1,0,1,0,0,1
Entolium,1,1,1,1,1,1,1,1,1,1
Eoacrochordiceras,0,0,0,0,1,0,0,0,0,0
Eoastarte,1,0,0,0,0,0,0,0,0,0
Eobuchia,0,0,0,0,1,0,0,0,0,0
Eodanubites,0,0,0,0,1,0,0,0,0,0
Eofrechites,0,0,0,0,0,0,0,0,1,0
Eographis,0,0,1,0,0,0,0,0,0,0
Eogymnites,0,0,0,0,1,1,0,0,0,0
Eogymnotoceras,0,0,0,0,0,0,1,1,1,1
Eolaballa,1,0,0,0,0,0,0,0,0,0
Eolyttonia,1,0,0,0,0,0,0,0,0,0
Eomarginifera,1,0,0,0,0,0,0,0,0,0
Eonathorstites,0,0,0,0,0,0,0,0,0,1
Eopecten,0,0,0,0,0,0,0,0,0,1
Eophilobryoidella,0,0,0,0,0,0,0,1,0,0
Eophyllites,0,0,0,1,1,1,0,0,0,1
Eoprotrachyceras,0,0,0,0,0,0,0,0,1,1
Eoptychites,0,0,0,1,1,0,0,0,0,0
Eosinocerithium,1,0,0,0,0,0,0,0,0,0
Eotomariidae,1,0,0,0,0,0,0,0,0,0
Epiboreoceras,0,0,0,0,1,0,0,0,0,0
Epiceltites,0,0,0,0,1,0,0,0,0,0
Epiceltitoides,0,0,0,0,1,0,0,0,0,0
Epiclaraia,0,0,0,0,1,0,0,0,0,0
Epigymnites,0,0,0,0,0,0,0,1,1,1
Epikellnerites,0,0,0,0,0,0,0,0,1,0
Episageceras,1,1,1,1,0,0,0,0,0,1
Erismatina,1,0,0,0,0,0,0,0,0,0
Erwinispira,1,0,0,0,0,0,0,0,0,0
Escarguelites,0,0,0,1,0,0,0,0,0,0
Eschericeratites,0,0,0,0,1,0,0,0,0,0
Esfahanites,1,0,0,0,0,0,0,0,0,0
Esinoceras,0,0,0,0,0,0,0,0,1,0
Etalia,0,0,0,0,0,0,0,0,0,1
Etheripecten,1,1,0,0,0,0,0,0,0,0
Eucharis,1,0,0,0,0,0,0,0,0,0
Euchondria,1,0,0,0,0,0,0,0,0,0
Euchrysalis,0,0,0,0,0,0,0,0,1,0
Eucochlis,0,1,0,0,0,0,0,0,0,0
Eucycloscala,0,0,0,0,0,0,0,1,0,1
Eucyclus,0,0,0,0,0,0,0,0,0,1
Eudiscoceras,0,0,0,0,0,0,0,0,1,0
Euflemingites,0,0,0,1,1,0,0,0,0,0
Eukashmirites,0,0,0,1,1,0,0,0,0,0
Eumedlicottia,1,0,0,0,0,0,0,0,0,0
Eumorphotis,1,1,1,1,1,0,0,0,1,1
Eunemopsis,1,0,0,0,0,0,0,0,0,1
Euomphalus,1,0,0,0,1,0,0,1,0,1
Euphemites,1,0,0,0,0,0,0,0,0,0
Euphemitinae,1,0,0,0,0,0,0,0,0,0
Euphemus,1,0,0,0,0,0,0,0,0,0
Euryalox,0,0,0,0,0,0,1,0,0,1
Eustylus,0,0,0,0,0,0,0,0,0,1
Euthystylus,1,0,0,0,0,0,0,0,0,0
Eutomoceras,0,0,0,0,0,0,1,0,1,1
Euzone,0,0,0,0,0,0,0,1,0,1
Evenia,1,0,0,0,0,0,0,0,0,0
Evenites,0,0,0,0,1,0,0,0,0,0
Extendilabrum,1,0,0,0,0,0,0,0,0,0
Falafer,1,0,0,0,0,0,0,0,0,0
Falcimytilus,0,0,0,0,0,0,0,0,1,1
Falsanolcites,0,0,0,0,0,0,0,0,1,1
Fasciculiconcha,1,0,0,0,0,0,0,0,0,0
Favreticeras,0,0,0,0,0,0,0,1,0,1
Fengshanites,0,0,0,0,1,0,0,0,0,0
Fiacconella,0,0,0,0,0,0,0,0,1,0
Fiemmespira,0,0,0,0,0,0,0,1,1,1
Flemingites,0,1,1,1,1,0,0,0,0,0
Flemingitidae,0,0,0,1,0,0,0,0,0,0
Fletcherina,0,0,0,0,0,0,0,0,0,1
Flexoptychites,0,0,0,0,0,0,0,1,1,1
Fossariopsis,0,0,0,0,0,0,0,1,0,0
Fostericoncha,1,0,0,0,0,0,0,0,0,0
Frankites,0,0,0,0,0,0,0,0,0,1
Frechites,0,0,0,0,0,0,0,1,1,1
Frechitoides,0,0,0,0,0,0,0,0,1,1
Fredericksolasma,1,0,0,0,0,0,0,0,0,0
Frederikella,0,0,0,0,0,0,0,0,1,0
Fusichonetes,1,1,0,0,0,0,0,0,0,0
Fusiproductus,1,0,0,0,0,0,0,0,0,0
Fusispirifer,1,0,0,0,0,0,0,0,0,0
Fusus,0,0,0,0,0,0,0,0,0,1
Galfettites,0,0,0,1,0,0,0,0,0,0
Galfettitidae,0,0,0,1,0,0,0,0,0,0
Gardenapecten,1,0,0,0,0,0,0,0,0,0
Gastropoda,1,1,1,1,1,1,1,1,1,1
Gaudemerites,0,0,0,0,1,0,0,0,0,0
Gefonia,1,0,0,0,0,0,0,0,0,0
Gerassimovia,1,0,0,0,0,0,0,0,0,0
Gervillaria,0,0,0,1,0,0,1,1,1,1
Gervilleia,0,1,0,0,0,0,0,1,1,1
Gervillella,0,0,0,1,1,0,0,0,0,0
Gervillia,1,1,0,0,1,1,0,1,1,1
Gevanites,0,0,0,0,0,0,0,0,1,0
Geyerella,1,0,0,0,0,0,0,0,0,0
Ghazalaites,0,0,1,0,0,0,0,0,0,0
Ginsburgites,0,0,0,0,0,0,1,0,0,0
Girtyella,1,0,0,0,0,0,0,0,0,0
Girtypecten,1,0,0,0,0,0,0,0,0,0
Girtyspira,1,0,0,0,0,0,0,0,0,0
Gjelispinifera,1,0,0,0,0,0,0,0,0,0
Glabercolumbites,0,0,0,0,1,0,0,0,0,0
Glabrichonetina,1,0,0,0,0,0,0,0,0,0
Glabrocingulum,1,1,0,0,0,0,0,1,0,0
Globacrochordiceras,0,0,0,0,1,0,0,0,0,0
Globodiscus,0,0,0,0,0,0,1,0,0,0
Glottidia,0,0,0,0,0,1,0,0,0,0
Glyptophiceras,0,1,0,1,1,0,0,0,0,0
Glyptorhynchia,1,0,0,0,0,0,0,0,0,0
Glyptospira,1,0,0,0,0,0,0,0,0,0
Glyptosteges,1,0,0,0,0,0,0,0,0,0
Goleomixa,1,0,0,0,0,0,0,0,0,0
Goniarina,1,0,0,0,0,0,0,0,0,0
Goniasma,1,0,0,0,0,0,0,0,0,0
Goricanites,0,0,0,0,1,0,0,0,0,0
Gosseletina,0,0,0,0,0,0,0,0,0,1
Goudemandites,0,0,0,1,1,0,0,0,0,0
Grambergia,0,0,0,0,0,1,0,0,0,1
Grammatodon,1,0,0,0,0,0,0,0,0,0
Gresslya,0,0,0,0,0,0,0,0,1,1
Griesbachites,0,0,0,0,0,0,0,0,0,1
Groenlandites,0,0,0,0,0,1,0,0,0,1
Gruntallina,1,0,0,0,0,0,0,0,0,0
Gruntea,1,0,0,0,0,0,0,0,0,0
Guangia,1,0,0,0,0,0,0,0,0,0
Guangxiceltites,0,0,0,1,0,0,0,0,0,0
Guangxiceras,0,0,0,1,0,0,0,0,0,0
Gubleria,1,0,0,0,0,0,0,0,0,0
Guexites,0,0,0,0,0,0,0,1,0,0
Guichiella,1,1,0,1,0,0,0,0,0,0
Guineana,0,0,0,0,0,0,0,0,0,1
Guizhoumyophoria,0,0,0,0,0,0,0,1,0,1
Guizhoupecten,1,0,0,0,0,0,0,0,0,0
Guizhouspira,1,0,0,0,1,0,0,0,0,0
Gujocardita,1,0,0,0,0,0,0,0,0,0
Gundarolasmina,1,0,0,0,0,0,0,0,0,0
Guodunites,0,0,0,1,0,0,0,0,0,0
Gurleyites,0,0,0,1,1,0,0,0,0,0
Gymnites,0,0,0,0,0,1,1,1,1,1
Gymnotoceras,0,0,0,0,1,1,1,1,1,1
Gyronites,0,1,1,1,1,0,0,0,0,0
Gyronitidae,0,1,1,1,1,0,0,0,0,0
Gyrophiceras,0,1,1,1,0,0,0,0,0,0
Halilucites,0,0,0,0,0,0,0,0,1,1
Halobia,0,0,0,0,0,0,0,0,0,1
Hanielites,0,0,0,1,0,0,0,0,0,0
Hayasakapecten,1,0,0,0,0,0,0,0,0,0
Haydenella,1,1,0,0,0,0,0,0,0,0
Haydenoides,1,0,0,0,0,0,0,0,0,0
Hebeisenites,0,0,1,1,0,0,0,0,0,0
Hedenstroemia,0,0,0,1,0,0,0,0,0,0
Hedenstroemiidae,0,0,0,1,1,0,0,0,0,0
Heibergites,0,0,1,0,0,0,0,0,0,0
Hellenites,0,0,0,0,1,0,0,0,0,0
Hemilecanites,0,0,0,1,1,1,0,0,0,0
Hemimenion,0,0,0,0,0,0,0,0,0,1
Heminajas,0,0,0,0,1,0,1,0,0,0
Hemiprionites,0,0,0,1,1,0,0,0,0,0
Hemiptychina,1,0,0,0,0,0,0,0,0,0
Hermannites,0,0,0,1,0,0,0,0,0,0
Heshanietta,1,0,0,0,0,0,0,0,0,0
Heteralosia,1,0,0,0,0,0,0,0,0,0
Heterelasma,1,0,0,0,1,0,0,0,0,0
Heterelasmina,1,0,0,0,0,0,0,0,0,0
Heteroconchia,1,0,0,0,0,0,0,0,0,0
Heteropecten,1,1,0,0,0,0,0,0,0,0
Hirsutella,0,0,0,0,1,1,0,1,0,1
Hirsutina,0,0,0,0,0,0,0,0,0,1
Hochuliites,0,0,0,1,0,0,0,0,0,0
Hoernesia,0,1,0,0,1,1,1,1,1,1
Hoferia,0,0,0,0,0,0,0,0,0,1
Holcorhynchella,0,0,0,0,0,0,1,1,1,1
Holcorhynchia,0,0,0,0,0,0,0,0,0,1
Holcothyris,0,0,0,0,0,0,0,0,0,1
Hollandites,0,0,0,0,0,1,1,1,1,1
Hologyra,0,0,0,0,0,0,0,1,0,1
Holopea,1,0,0,0,0,0,0,0,0,0
Holopella,1,1,0,0,0,0,0,0,0,0
Homoeorhynchia,0,0,0,0,0,0,0,1,0,0
Homomya,0,0,1,0,1,1,0,0,1,1
Horridonia,1,0,0,0,0,0,0,0,0,0
Hoskingia,1,0,0,0,0,0,0,0,0,0
Huananoceras,1,0,0,0,0,0,0,0,0,0
Huatangia,1,0,0,0,0,0,0,0,0,0
Hubeitoceras,0,1,1,0,0,0,0,0,0,0
Huishuites,0,0,0,0,0,1,0,0,0,0
Humboldtites,0,0,0,0,0,0,0,0,1,0
Hunanopecten,1,0,0,0,0,0,0,0,0,0
Hungarites,0,0,0,0,0,0,0,0,1,1
Hungaritidae,0,0,0,0,0,0,0,0,1,0
Hustedia,1,0,0,0,0,0,0,0,0,0
Hustedtiella,0,0,0,1,1,0,0,0,0,0
Hybostenoscisma,1,0,0,0,0,0,0,0,0,0
Hyparpadites,0,0,0,0,0,0,0,0,1,0
Hyphantozyga,1,0,0,0,0,0,0,0,0,0
Hypophiceras,1,1,0,0,0,0,0,0,0,0
Ianthinopsis,1,0,0,0,0,0,0,0,0,0
Idahocolumbites,0,0,0,0,1,0,0,0,0,0
Incisius,1,0,0,0,0,0,0,0,0,0
Indigirites,0,0,0,0,0,0,0,0,0,1
Indigirophyllites,0,0,0,0,0,1,0,0,1,1
Intomodesma,1,0,0,0,0,0,0,0,0,0
Intornites,0,0,0,0,0,0,1,1,1,1
Inyoceras,0,0,0,1,1,0,0,0,0,0
Inyoites,0,0,0,1,0,0,0,0,0,0
Inyoitidae,0,0,0,1,0,0,0,0,0,0
Iranites,1,0,0,0,0,0,0,0,0,0
Isculites,0,0,0,0,0,1,1,1,0,1
Isculitoides,0,0,0,0,1,0,0,0,0,0
Ismidites,0,0,0,0,0,0,1,1,0,0
Isocrania,0,0,0,0,1,0,0,0,0,0
Isognomon,1,0,0,0,0,0,0,0,0,0
Israelites,0,0,0,0,0,0,0,0,0,1
Istreites,0,0,0,0,0,0,0,0,0,1
Janaija,0,0,0,0,0,0,0,0,1,1
Janeia,1,0,0,0,0,0,0,0,0,0
Janiceps,1,0,0,0,0,0,0,0,0,0
Janopecten,0,0,0,0,0,0,0,0,1,1
Japonites,0,0,0,0,1,1,1,0,1,1
Jeanbesseiceras,0,0,0,1,1,0,0,0,0,0
Jenksites,0,0,0,0,0,0,0,1,1,0
Jieshaniceras,0,1,1,0,0,0,0,0,0,0
Jinyaceras,0,0,0,1,1,0,0,0,0,0
Joannina,0,0,0,0,0,0,1,1,0,0
Joannites,0,0,0,0,0,0,0,0,1,1
Judicarites,1,0,0,0,0,0,1,1,1,1
Julfotirolites,1,0,0,0,0,0,0,0,0,0
Julfotoceras,1,0,0,0,0,0,0,0,0,0
Juresania,1,0,0,0,0,0,0,0,0,0
Juvenites,0,0,1,1,1,0,0,0,0,0
Juxathyris,1,1,0,0,0,0,0,0,0,0
Kalenteridae,1,0,0,0,0,0,0,0,0,0
Kamenushkaites,0,0,0,1,1,0,0,0,0,0
Karangatites,0,0,0,0,1,1,0,0,0,0
Kashmirites,1,0,1,1,1,0,0,0,0,0
Kashmiritidae,0,0,0,1,0,0,0,0,0,0
Katosira,0,0,0,0,0,0,0,0,0,1
Kazakhstanites,0,0,0,1,1,1,0,0,0,0
Kellnerites,0,0,0,0,0,0,0,1,1,1
Kelteroceras,0,0,0,1,0,0,0,0,0,0
Keyserlingina,1,0,0,0,0,0,0,0,0,0
Keyserlingites,0,0,0,1,1,0,0,0,0,1
Keyserlingitidae,0,0,0,0,1,0,0,0,0,0
Khvalynites,0,0,0,0,1,0,0,0,0,0
Kiangsiella,1,0,0,0,0,0,0,0,0,0
Kingites,0,0,1,1,0,0,0,0,0,0
Kiparisovia,0,0,0,0,0,0,0,0,0,1
Kiparisovites,0,0,0,0,1,0,0,0,0,0
Kittliconcha,0,0,0,0,0,0,0,1,0,1
Kocaelia,0,0,0,0,0,1,1,0,0,0
Kochiproductus,1,0,0,0,0,0,0,0,0,0
Koeveskallina,0,0,0,0,0,1,1,1,1,1
Koiloceras,0,0,1,1,0,0,0,0,0,0
Koipatoceras,0,0,0,0,0,0,1,1,0,0
Kokenella,0,0,0,0,0,0,0,0,0,1
Kokenospira,1,0,0,0,0,0,0,0,0,0
Konglingites,1,0,0,0,0,0,0,0,0,0
Koninckites,0,1,1,1,1,0,0,0,0,0
Koninckitoides,0,0,0,0,1,0,0,0,0,0
Kotlaia,1,1,0,0,0,0,0,0,0,0
Kraffticeras,0,0,0,1,0,0,0,0,0,0
Krotovia,0,1,0,0,0,0,0,0,0,0
Kummelia,0,0,1,0,0,0,0,0,0,0
Kymatites,0,1,1,0,0,0,0,0,0,0
Kyoktites,0,1,1,0,0,0,0,0,0,0
Labaella,1,0,0,0,0,0,0,0,0,0
Labaia,1,0,0,0,0,0,0,0,0,0
Laboceras,0,0,0,0,0,1,1,0,0,0
Ladinaticella,0,0,0,1,0,0,1,1,0,0
Ladinomya,1,0,0,0,0,0,0,0,0,0
Ladoliplica,1,0,0,0,0,0,0,0,0,0
Laevorhynchia,0,1,0,0,0,0,0,0,0,0
Laibinoceras,1,0,0,0,0,0,0,0,0,0
Lamnimargus,1,1,0,0,0,0,0,0,0,0
Lampangella,1,1,0,0,0,0,0,0,0,0
Lanceolites,0,0,0,1,0,0,0,0,0,0
Lanceolitidae,0,0,0,1,0,0,0,0,0,0
Lanceoptychites,0,0,0,0,0,0,0,0,1,1
Langsonella,0,0,0,0,0,0,0,1,0,1
Lapteviella,0,0,0,0,0,1,0,0,1,1
Lardaroceras,0,0,0,0,0,0,0,0,1,1
Larenites,0,0,1,1,0,0,0,0,0,0
Latemarites,0,0,0,0,0,0,0,0,1,0
Laterispina,1,0,0,0,0,0,0,0,0,0
Laternula,0,0,0,0,0,0,0,0,0,1
Latisageceras,0,0,1,1,0,0,0,0,0,0
Laubopsis,0,0,0,1,0,0,0,0,0,0
Laxella,1,1,0,0,0,0,0,0,0,0
Lazarevonia,1,0,0,0,0,0,0,0,0,0
Lecanites,0,0,0,1,1,0,0,0,1,0
Leda,0,0,0,0,0,0,0,0,1,1
Leidapoconcha,0,0,0,0,0,0,0,0,0,1
Leiolepismatina,0,0,0,0,0,0,0,1,0,0
Leiophyllites,0,0,0,0,1,1,1,1,1,1
Lenotropites,0,0,0,0,1,1,0,0,0,1
Lepidospirifer,1,0,0,0,0,0,0,0,0,0
Lepidotrochus,0,0,0,0,0,0,0,0,0,1
Lepiskites,0,0,0,1,0,0,0,0,0,0
Lepismatina,0,1,0,1,1,1,1,1,1,1
Leptochondria,1,1,1,1,1,1,1,1,1,1
Leptodesma,1,0,0,0,0,0,0,0,0,0
Leptodus,1,0,0,0,0,0,0,0,0,0
Leptomphalus,1,0,0,0,0,0,0,0,0,0
Leptoptygma,1,0,0,0,0,0,0,0,0,0
Lethamia,1,0,0,0,0,0,0,0,0,0
Levizygopleura,1,0,0,0,0,0,0,0,0,0
Leyeceras,0,0,0,1,0,0,0,0,0,0
Lialosia,1,0,0,0,0,0,0,0,0,0
Liaous,0,0,0,0,0,0,1,0,0,0
Licharewiconcha,1,0,0,0,0,0,0,0,0,0
Licharewiella,1,0,0,0,0,0,0,0,0,0
Licharewiidae,1,0,0,0,0,0,0,0,0,0
Licharewina,1,0,0,0,0,0,0,0,0,0
Lichuanorelloides,0,1,1,0,0,0,0,0,0,0
Liebea,1,0,0,0,0,0,0,0,0,0
Lilangina,0,0,0,0,0,0,0,0,0,1
Lima,0,0,0,0,0,0,1,0,1,1
Limatula,0,0,0,0,0,0,0,0,0,1
Limea,0,0,0,0,0,0,0,0,0,1
Limidae,1,0,0,0,0,0,0,0,0,1
Limipecten,1,0,0,0,0,0,0,0,0,0
Lingula,1,1,1,1,1,0,0,0,1,1
Lingularia,1,1,1,1,1,1,0,1,1,1
Lingulida,0,1,0,0,0,0,0,0,0,0
Lingulidae,1,1,0,0,0,1,0,0,0,0
Lingyunites,0,0,1,1,0,0,0,0,0,0
Linoproductoidea,1,0,0,0,0,0,0,0,0,0
Linoproductus,1,1,0,0,0,0,0,0,0,0
Liosotella,1,0,0,0,0,0,0,0,0,0
Liraplecta,1,0,0,0,0,0,0,0,0,0
Lissochonetes,1,1,0,0,0,0,0,0,0,0
Lissorhynchia,1,1,1,1,0,0,0,1,1,1
Lithodomina,1,0,0,0,0,0,0,0,0,0
Lithodomus,1,0,0,0,0,0,0,0,0,0
Lithophaga,1,0,0,0,0,0,0,0,0,0
Liuchengoceras,1,0,0,0,0,0,0,0,0,0
Longmenshanoceras,1,0,0,0,0,0,0,0,0,0
Longobardites,0,0,0,0,0,0,0,1,1,1
Longobarditinae,0,0,0,0,0,0,0,0,0,1
Longobarditoides,0,0,0,0,0,1,1,0,0,0
Lopha,1,0,0,0,0,0,0,1,0,1
Loripes,1,0,0,0,0,0,0,0,0,0
Lovaralucina,1,0,0,0,0,0,0,0,0,0
Loxonema,1,1,1,0,0,1,0,1,0,1
Loxophragmus,1,0,0,0,0,0,0,0,0,0
Lucasites,0,0,0,1,0,0,0,0,0,0
Lucina,1,0,0,0,0,0,0,0,0,1
Lunoglossa,1,0,0,0,0,0,0,0,0,0
Luoguella,1,0,0,0,0,0,0,0,0,0
Luoguispira,1,0,0,0,0,0,0,0,0,0
Lutites,1,0,0,0,0,0,0,0,0,0
Lyrodon,0,0,0,0,0,0,0,0,0,1
Lyroschizodus,1,0,0,0,0,0,0,0,0,0
Lytophiceras,0,1,1,0,0,0,0,0,0,0
Lyttoniidae,1,0,0,0,0,0,0,0,0,0
Macrodon,0,0,0,0,0,0,0,0,1,1
Macrodontella,0,0,0,0,0,0,0,0,1,0
Mactromya,0,0,0,0,0,0,0,0,0,1
Madoia,0,0,0,0,0,1,0,0,0,0
Magniplicatina,1,0,0,0,0,0,0,0,0,0
Magnolobia,0,0,0,0,0,0,0,0,0,1
Maitaia,1,1,1,1,0,0,0,0,0,0
Malletia,1,0,0,0,0,0,0,0,1,1
Malletiidae,0,1,0,0,0,0,0,0,0,0
Malletoptychites,0,0,0,0,0,0,1,0,0,1
Mamoeatomaria,0,0,0,0,0,0,0,0,0,1
Manzanospira,1,0,0,0,0,0,0,0,0,0
Maorielasma,1,0,0,0,0,0,0,0,0,0
Maorirhynchia,0,0,0,0,0,0,0,0,0,1
Marcouxia,0,0,0,0,1,0,0,0,0,0
Marcouxites,0,0,0,0,0,0,0,0,1,1
Marginalosia,1,0,0,0,0,0,0,0,0,0
Marginifera,1,0,0,0,0,0,0,0,0,0
Marginiferidae,1,0,0,0,0,0,0,0,0,0
Marginiferoidea,1,0,0,0,0,0,0,0,0,0
Marinurnula,1,0,0,0,0,0,0,0,0,0
Marmolatella,0,0,0,0,0,0,1,1,0,1
Martinia,1,1,0,0,0,0,0,0,0,0
Martiniopsis,1,0,0,0,0,0,0,0,0,0
Marwickiella,0,0,0,0,0,0,0,0,0,1
Mathildidae,0,0,0,0,0,0,0,0,0,1
Medlicottiidae,1,0,0,0,0,0,0,0,0,0
Meekella,1,0,0,0,0,0,0,0,0,0
Meekellidae,1,0,0,0,0,0,0,0,0,0
Meekellogeyerella,1,0,0,0,0,0,0,0,0,0
Meekoceras,0,1,1,1,1,0,0,0,0,1
Meekoceratidae,0,0,0,1,0,0,0,0,0,0
Meekophiceras,0,1,1,0,0,0,0,0,0,0
Meekospira,1,0,0,0,0,0,0,0,0,0
Megaceratites,0,0,0,0,0,0,0,1,1,1
Megadesmus,1,0,0,0,1,0,0,0,0,0
Megalodon,0,0,0,0,0,0,1,0,0,0
Megaphyllites,0,0,0,0,1,1,1,1,1,1
Megasteges,1,0,0,0,0,0,0,0,0,0
Megousia,1,0,0,0,0,0,0,0,0,0
Meishanorhynchia,0,1,0,0,0,0,0,0,0,0
Meitianoceras,1,0,0,0,0,0,0,0,0,0
Melagathiceras,0,0,0,1,0,0,0,0,0,0
Melagathiceratidae,0,0,0,1,0,0,0,0,0,0
Melania,0,0,0,0,0,0,0,0,0,1
Meleagrinella,0,0,0,1,1,1,0,0,1,1
Mellarium,0,0,0,0,0,0,0,0,0,1
Menetus,0,0,0,0,1,0,0,0,0,0
Mentzelia,0,0,0,0,1,1,1,1,1,1
Merismopteria,1,0,0,0,0,0,0,0,0,0
Meropella,0,0,0,0,1,0,0,0,0,0
Mesocladiscites,0,0,0,0,0,0,1,0,0,0
Mesohedenstroemia,0,0,1,1,0,0,0,0,0,0
Metadagnoceras,0,0,0,0,1,1,0,0,0,0
Metadinarites,0,0,0,0,0,0,0,0,1,0
Metahedenstroemia,0,0,0,0,1,0,0,0,0,0
Metinyoites,0,0,0,1,0,0,0,0,0,0
Metophiceras,1,1,1,0,1,0,0,0,0,0
Metussuria,0,0,0,1,0,0,0,0,0,0
Mianwaliites,0,0,0,1,0,0,0,0,0,0
Microlampra,1,0,0,0,0,0,0,0,0,0
Micromartinia,1,0,0,0,0,0,0,0,0,0
Mimaria,1,0,0,0,0,0,0,0,0,0
Minersvillites,0,0,0,1,0,0,0,0,0,0
Mingyuexiaceras,1,0,0,0,0,0,0,0,0,0
Minutomarginifera,1,0,0,0,0,0,0,0,0,0
Mirochiliticus,1,0,0,0,0,0,0,0,0,0
Modiola,0,0,0,0,0,0,0,0,1,1
Modiolus,1,1,1,1,1,1,1,1,0,1
Modiomorpha,0,0,0,0,0,0,1,0,0,0
Moenaspira,0,0,0,0,0,0,0,0,1,0
Mogulia,1,0,0,0,0,0,0,0,0,0
Mojsvarites,0,0,0,0,0,0,0,0,1,0
Monacanthites,0,0,0,0,1,0,0,0,0,0
Monneticeras,0,0,0,1,0,0,0,0,0,0
Monophyllites,0,0,0,1,0,1,1,1,1,1
Monotidae,0,0,0,0,0,0,1,0,0,0
Monotis,0,0,0,0,1,0,0,0,1,0
Monticulifera,1,0,0,0,0,0,0,0,0,0
Mullericeras,0,1,1,0,0,0,0,0,0,0
Mullericeratidae,0,1,0,0,0,0,0,0,0,0
Murchisonia,1,0,0,0,1,0,0,1,0,1
Murchisoniidae,1,0,0,0,0,0,0,1,0,0
Murihikua,0,0,0,0,0,0,0,0,0,1
Myacites,0,0,0,0,0,0,0,1,0,0
Myalina,1,1,1,1,1,0,0,1,1,1
Myalinella,1,1,1,1,0,0,0,0,0,0
Myalinidae,1,1,0,0,1,0,0,0,0,0
Myoconcha,0,1,1,0,1,0,1,0,1,1
Myonia,1,0,0,0,0,0,0,0,0,0
Myophoria,1,1,1,1,1,1,0,1,1,1
Myophoriopis,0,0,0,0,0,0,0,0,0,1
Mysidiella,0,0,0,0,0,0,0,0,1,1
Mysidioptera,0,0,0,0,0,0,1,1,1,1
Mytiliconcha,0,0,0,0,0,0,1,0,0,0
Mytilidae,1,0,0,0,0,0,0,0,0,0
Mytilus,0,1,0,1,1,1,1,1,0,1
Nakimusiella,1,0,0,0,0,0,0,0,0,0
Nammalites,0,0,0,1,1,0,0,0,0,0
Nanningites,0,0,1,1,0,0,0,0,0,0
Nannites,0,0,0,1,0,0,0,0,0,0
Natica,1,0,0,0,0,0,0,0,0,1
Naticasinus,1,0,0,0,0,0,0,0,0,0
Naticopsis,1,1,0,1,1,1,1,1,0,1
Natiria,0,0,0,1,1,1,0,0,1,1
Neilsonia,1,0,0,0,0,0,0,0,0,0
Neoaganides,1,0,0,0,0,0,0,0,0,0
Neochonetes,1,1,0,0,0,0,0,0,0,0
Neocladiscites,0,0,0,0,0,0,0,0,1,0
Neocolumbites,0,0,0,0,1,0,0,0,0,0
Neocrimites,1,0,0,0,0,0,0,0,0,0
Neocyrtina,0,0,0,0,0,0,0,1,0,0
Neodonaldina,0,0,0,0,0,0,0,0,0,1
Neogeoceras,1,0,0,0,0,0,0,0,0,0
Neoglassoceras,1,0,0,0,0,0,0,0,0,0
Neomorphotis,0,1,0,1,1,0,1,1,0,1
Neoplicatifera,1,0,0,0,0,0,0,0,0,0
Neopopanoceras,1,0,0,0,1,0,0,0,0,0
Neopsilocamara,1,0,0,0,0,0,0,0,0,0
Neoretzia,0,0,0,0,1,0,0,0,0,1
Neorichthofenia,1,0,0,0,0,0,0,0,0,0
Neoschizodus,1,1,1,1,1,1,1,1,1,1
Neospirifer,1,0,0,0,0,0,0,0,0,0
Neowellerella,1,1,0,0,0,0,0,0,0,0
Neritaria,0,1,0,1,1,0,0,1,0,1
Neritites,0,0,0,0,0,0,0,0,0,1
Neritopsis,0,0,0,0,0,0,0,0,0,1
Netschajewia,1,0,0,0,0,0,0,0,0,0
Nevadisculites,0,0,0,0,0,0,1,1,0,1
Nevadites,0,0,0,0,0,0,0,0,1,1
Newaagia,0,0,0,0,0,0,0,1,1,1
Nicholsites,0,0,0,0,0,0,1,1,0,1
Nicomedites,0,0,0,0,0,1,1,1,0,0
Nikitinia,1,0,0,0,0,0,0,0,0,0
Ninglangella,1,0,0,0,0,0,0,0,0,0
Nisalarinia,1,0,0,0,0,0,0,0,0,0
Nodihungarites,0,0,0,0,0,0,0,0,1,0
Nodocingulum,0,0,0,0,0,0,0,0,1,0
Noetlingiconcha,0,0,0,0,0,0,0,0,0,1
Noetlingites,0,0,0,0,0,0,0,1,0,1
Nordophiceras,0,0,0,1,1,0,0,0,0,0
Nordophiceratoides,0,0,0,0,1,0,0,0,0,0
Norella,0,0,0,0,1,1,1,1,1,1
Norites,0,0,0,0,0,1,1,1,1,1
Notospirifer,1,0,0,0,0,0,0,0,0,0
Notothyrina,1,0,0,0,0,0,0,0,0,0
Notothyris,1,1,0,0,0,0,0,0,0,0
Nucinella,0,1,0,0,0,0,0,0,0,0
Nucleusorhynchia,0,0,0,0,0,1,0,0,0,0
Nucula,0,1,0,0,1,0,0,0,1,1
Nuculana,0,0,0,1,1,0,0,0,1,1
Nuculanella,1,0,0,0,0,0,0,0,0,0
Nuculavus,1,0,0,0,0,0,0,0,0,0
Nuculida,1,0,0,1,0,0,0,0,0,0
Nuculidae,1,0,0,0,0,0,0,0,0,0
Nuculites,1,0,0,0,0,0,0,0,0,0
Nuculoma,0,0,0,0,0,0,0,0,1,0
Nuculopsis,1,1,0,0,0,0,0,0,0,0
Nudirostralina,0,1,0,1,1,1,0,1,1,1
Nudispiriferina,0,0,0,0,0,0,0,1,0,1
Nuetzelia,0,0,0,1,0,0,0,0,0,0
Nyalamites,0,0,0,1,0,0,0,0,0,0
Obnixia,0,0,0,1,1,0,0,0,0,0
Ochotochlamys,0,0,0,0,0,0,1,0,0,0
Ochotomya,0,1,0,0,0,0,0,0,0,0
Ogbinia,1,0,0,0,0,0,0,0,0,0
Oldhamina,1,0,0,0,0,0,0,0,0,0
Olenekoceras,0,0,0,0,1,0,0,0,0,0
Olenikites,0,0,1,0,1,0,0,0,0,0
Omanilasma,1,0,0,0,0,0,0,0,0,0
Omanites,0,0,0,1,0,0,0,0,0,0
Ombonia,1,0,0,0,0,0,0,0,0,0
Omphaloptycha,0,1,1,1,0,1,1,1,1,1
Omphaloptychia,0,0,0,1,1,0,0,1,0,1
Ophiceras,1,1,1,1,0,0,0,0,0,0
Ophiceratidae,0,1,1,0,0,0,0,0,0,0
Ophimullericeras,0,1,0,0,0,0,0,0,0,0
Opinae,0,0,0,0,0,0,0,1,0,0
Opis,0,0,0,0,0,0,0,0,0,1
Orbicoelia,1,1,0,0,0,0,0,0,0,0
Orbiculoidea,1,1,0,1,1,0,0,0,0,1
Oriocrassatella,1,0,0,0,0,0,0,0,0,0
Ornithopecten,1,1,0,1,0,0,1,1,1,1
Ortarhynchia,0,0,0,0,1,1,1,0,0,0
Orthonema,1,0,0,0,0,0,0,0,0,0
Orthotetes,1,0,0,0,0,0,0,0,0,0
Orthotetidae,1,0,0,0,0,0,0,0,0,0
Orthotetoidea,1,0,0,0,0,0,0,0,0,0
Orthothetina,1,0,0,0,0,0,0,0,0,0
Orthothrix,1,0,0,0,0,0,0,0,0,0
Orthotichia,1,1,0,0,0,0,0,0,0,0
Osteomya,0,0,0,0,0,0,0,0,0,1
Ostrea,0,0,0,0,0,0,0,1,0,1
Ostreoidea,0,0,0,0,0,0,0,1,0,0
Otoceras,1,1,1,0,1,0,0,0,0,0
Otoceratidae,0,1,0,0,0,0,0,0,0,0
Owenites,0,0,0,1,0,0,0,0,0,0
Oxycolpella,0,0,0,0,0,0,0,0,0,1
Oxylongobardites,0,0,0,0,0,0,0,0,1,0
Oxytoma,0,0,0,0,1,0,0,0,0,1
Oxyussuria,0,0,0,1,0,0,0,0,0,0
Pachycardia,0,0,0,0,0,0,0,0,0,1
Pachydiscoceras,1,0,0,0,0,0,0,0,0,0
Pachymyonia,1,0,0,0,0,0,0,0,0,0
Pachyomphalus,0,1,0,1,0,0,0,1,0,0
Pachyproptychites,0,1,0,0,0,0,0,0,0,0
Pachyrisma,0,0,0,0,0,0,1,0,0,1
Palaeanodonta,1,0,0,0,0,0,0,0,0,0
Palaeokazachstanites,0,0,0,1,0,0,0,0,0,0
Palaeolima,1,0,1,0,0,0,0,1,0,1
Palaeonarica,0,1,0,0,0,0,0,0,0,0
Palaeoneilo,1,1,0,1,1,0,0,1,1,1
Palaeonucula,1,1,1,0,1,0,0,1,0,1
Palaeophyllites,0,0,0,0,1,0,0,0,1,0
Palaeophyllitidae,0,0,0,1,0,0,0,0,0,0
Palaeostylus,1,0,0,0,0,0,0,0,0,0
Palanatina,1,0,0,0,0,0,0,0,0,0
Panopea,0,0,0,0,0,0,0,0,1,1
Parabrekia,0,0,0,0,0,0,0,1,0,0
Paraceratites,0,0,0,0,0,1,0,1,1,1
Paraceratitoides,0,0,0,0,0,0,0,0,1,0
Parachonetella,1,0,0,0,0,0,0,0,0,0
Paracrochordiceras,0,0,0,0,1,1,0,1,0,1
Paracrurithyris,1,1,0,0,0,0,0,0,0,0
Paradanubites,0,0,0,0,0,1,1,0,0,0
Paradinarites,0,0,0,0,1,0,0,0,0,0
Paradoxipecten,1,0,0,0,0,0,0,0,0,0
Paradoxothyris,0,0,0,0,1,0,0,0,0,0
Parafrechites,0,0,0,0,0,0,0,0,1,1
Paragastrioceratidae,1,0,0,0,0,0,0,0,0,0
Paragoceras,0,0,0,0,1,0,0,0,0,0
Parahedenstroemia,0,0,1,1,0,0,0,0,0,0
Parahungarites,0,0,0,0,0,0,0,0,1,0
Parakellnerites,0,0,0,0,0,0,0,0,1,1
Parakymatites,0,0,0,1,0,0,0,0,0,0
Paralepismatina,0,0,0,0,0,0,0,1,1,1
Parallelodon,1,0,0,1,1,0,1,1,0,1
Paramexicoceras,1,0,0,0,0,0,0,0,0,0
Paranannites,0,0,1,1,1,0,0,0,0,0
Paranannitidae,0,0,0,1,0,0,0,0,0,1
Paranevadites,0,0,0,0,0,0,0,0,1,1
Paranorellina,0,1,0,1,1,0,0,0,0,0
Paranorites,0,1,1,1,0,0,0,0,0,0
Paranoritidae,0,0,0,1,0,0,0,0,0,0
Paranoritoides,0,0,0,0,1,0,0,0,0,0
Parantiptychia,0,0,0,0,0,0,0,0,0,1
Paranudirostralina,0,0,0,0,0,1,0,0,0,0
Paraorthotetina,1,0,0,0,0,0,0,0,0,0
Parapopanoceras,0,0,0,0,0,1,1,1,1,1
Parapopanoceratidae,0,0,0,0,0,0,0,0,0,1
Parapulchratia,1,0,0,0,0,0,0,0,0,0
Parapygmochonetes,1,0,0,0,0,0,0,0,0,0
Parasageceras,0,0,0,0,1,0,1,0,0,1
Paraschizodus,1,0,0,0,0,0,0,0,0,0
Parasibirites,0,0,0,0,1,0,0,0,0,0
Parasphingites,0,0,0,0,0,0,1,0,0,1
Paraspidites,0,0,0,1,0,0,0,0,0,0
Paraspiriferina,1,0,0,0,0,0,0,0,0,0
Parastephanites,0,0,0,1,0,0,0,0,0,0
Parasturia,0,0,0,0,0,0,0,0,1,1
Parasulcatinella,0,0,0,0,0,0,0,0,0,1
Paratirolites,1,0,0,1,0,0,0,0,0,0
Parussuria,0,0,0,1,1,0,0,0,0,0
Parvichonetes,1,0,0,0,0,0,0,0,0,0
Paryphella,1,1,0,0,0,0,0,0,0,0
Pashtunites,0,0,1,1,0,0,0,0,0,0
Patella,0,0,0,0,0,0,0,0,0,1
Patellilabia,1,0,0,0,0,0,0,0,0,0
Paucispinauriinae,1,0,0,0,0,0,0,0,0,0
Pearylandites,0,0,0,0,0,1,0,0,0,0
Pecten,0,1,1,1,1,0,0,1,1,1
Pectenoproductus,1,0,0,0,0,0,0,0,0,0
Pectinida,1,1,0,1,0,0,0,0,0,0
Pectinidae,0,0,0,0,1,0,1,0,0,0
Pectinoidea,1,0,0,1,1,1,0,0,0,1
Pegmavalvula,0,0,0,0,1,0,0,0,0,0
Peltichia,1,0,0,0,0,0,0,0,0,0
Penglaites,1,0,0,0,0,0,0,0,0,0
Peniculauris,1,0,0,0,0,0,0,0,0,0
Pennospiriferinoidea,1,0,0,0,0,0,0,0,0,0
Pentagonoceras,1,0,0,0,0,0,0,0,0,0
Periallus,0,0,1,1,0,0,0,0,0,0
Peribositra,1,1,0,0,0,0,0,0,0,0
Peribositria,0,0,1,1,1,0,0,0,1,1
Periclaraia,0,0,0,0,1,1,1,0,0,0
Perigeyerella,1,1,0,0,0,0,0,0,0,0
Peripleurocyclus,0,0,0,0,0,0,0,0,0,1
Permasyrinx,1,0,0,0,0,0,0,0,0,0
Permianaia,1,0,0,0,0,0,0,0,0,0
Permianella,1,0,0,0,0,0,0,0,0,0
Permianellidae,1,0,0,0,0,0,0,0,0,0
Permoperna,1,0,0,0,0,0,0,0,0,0
Permophorus,1,1,1,1,1,0,0,0,0,1
Permophricodothyris,1,0,0,0,0,0,0,0,0,0
Permundaria,1,0,0,0,0,0,0,0,0,0
Pernodoceras,1,0,0,0,0,0,0,0,0,0
Pernopecten,1,0,1,1,1,0,0,0,0,0
Peruvispira,1,0,0,0,0,0,0,0,0,0
Pexidella,0,0,0,0,0,0,0,1,1,1
Phaenodesmia,0,0,0,0,0,0,0,1,1,0
Phestia,1,0,0,0,0,0,0,0,0,0
Philippiella,0,0,0,0,0,0,0,0,1,1
Philippites,0,0,0,0,0,0,0,1,1,1
Phisonites,1,0,0,0,0,0,0,0,0,0
Pholadomya,0,0,0,0,1,0,0,0,0,0
Phricodothyris,1,0,0,0,0,0,0,0,0,0
Phyllocladiscites,0,0,0,0,0,0,1,1,1,1
Phyllosphaerites,0,0,0,0,0,0,1,0,0,0
Phymatopleura,1,0,0,0,0,0,0,0,0,0
Physocardia,0,0,0,0,0,0,0,1,0,0
Piarorhynchella,0,0,1,1,1,0,1,0,0,0
Piarorhynchia,0,0,0,0,0,0,0,0,1,1
Pinacoceras,0,0,0,0,0,0,0,0,0,1
Pinna,0,0,0,1,1,0,1,0,1,1
Pirithyris,0,0,0,0,0,1,0,0,0,0
Placunopsis,0,0,0,1,1,0,1,1,1,1
Plagiostoma,1,0,0,0,1,1,1,1,1,1
Planodiscoceras,1,0,0,0,0,0,0,0,0,0
Platycancrinella,1,0,0,0,0,0,0,0,0,0
Platyceratidae,1,0,0,0,0,0,0,0,0,0
Platychilina,0,0,0,0,0,0,0,0,0,1
Platycuccoceras,0,0,0,0,0,0,1,1,0,1
Platyteichum,1,0,0,0,0,0,0,0,0,0
Platyzona,1,1,0,0,0,0,0,0,0,0
Plekonella,1,0,0,0,0,0,0,0,0,0
Pleurikodonta,1,0,0,0,0,0,0,0,0,0
Pleurofrechites,0,0,0,0,0,0,0,0,1,1
Pleurogyronites,0,0,1,0,0,0,0,0,0,0
Pleuromya,0,1,1,1,1,1,1,1,1,1
Pleuronectites,0,1,1,1,1,0,1,1,1,1
Pleuronodoceras,1,0,0,0,0,0,0,0,0,0
Pleuronodoceratidae,1,0,0,0,0,0,0,0,0,0
Pleurophorus,1,0,0,0,0,0,0,0,0,0
Pleurotomaria,1,1,0,1,1,0,0,1,0,1
Pleurotomarioidea,1,0,0,0,0,0,0,0,0,0
Plicatifera,1,0,0,1,0,0,0,0,0,0
Plicatula,0,0,0,0,0,0,0,1,0,0
Plicatus,1,0,0,0,0,0,0,0,0,0
Plicochonetes,1,0,0,0,0,0,0,0,0,0
Plocezyga,1,0,0,0,0,0,0,0,0,0
Polidevcia,1,0,0,0,0,0,0,1,0,0
Polinices,0,0,0,0,1,0,0,0,1,1
Polygyrina,1,1,1,1,1,0,1,1,1,1
Pondospirifer,1,0,0,0,0,0,0,0,0,0
Pontisiinae,0,1,0,0,0,0,0,0,0,0
Popanoceras,0,0,0,0,1,0,0,0,1,1
Popovites,0,0,0,0,1,0,0,0,0,0
Porcellia,1,0,0,0,0,0,0,0,0,0
Portneufia,0,0,0,0,1,0,0,0,0,0
Posidonia,1,1,1,1,1,0,0,1,1,1
Posidoniella,1,0,0,0,0,0,0,0,0,0
Posidonomya,1,1,0,0,1,0,0,0,0,1
Praechlamys,1,1,0,0,1,0,0,1,0,1
Praecubanothyris,0,0,0,0,0,0,0,0,0,1
Praedicerocardium,0,0,0,0,0,0,1,0,0,0
Praeotapiria,0,0,0,0,1,0,0,0,0,0
Praepinacoceras,0,0,0,0,0,0,0,1,1,1
Praesibirites,0,0,0,0,1,0,0,0,0,0
Praeundulomya,1,0,0,0,0,0,0,0,0,0
Predazzella,0,0,0,0,0,0,0,0,1,0
Preflorianites,0,0,1,1,1,0,0,0,0,0
Preflorianitoides,0,0,0,0,1,0,0,0,0,0
Prelissorhynchia,1,1,0,0,0,0,0,0,0,0
Prenkites,0,0,0,1,1,0,0,0,0,0
Prionites,0,0,1,1,0,0,0,0,0,0
Prionitidae,0,0,0,1,0,0,0,0,0,0
Prionolobus,1,1,1,1,0,0,0,0,0,0
Proarcestes,0,0,0,0,0,1,1,1,1,1
Proavites,0,0,0,0,0,0,0,1,1,0
Procarnites,0,0,0,0,1,1,0,0,0,1
Procladiscites,0,0,0,0,1,1,1,1,1,1
Procolumbites,0,0,0,0,1,0,0,0,0,0
Procurvoceratites,0,0,0,1,0,0,0,0,0,0
Productida,1,1,0,0,0,0,0,0,0,0
Productina,1,0,0,0,0,0,0,0,0,0
Productoidea,1,0,0,0,0,0,0,0,0,0
Productus,1,1,0,0,0,0,0,0,0,0
Progonoceratites,0,0,0,0,0,0,0,0,0,1
Proharpoceras,0,0,0,1,0,0,0,0,0,0
Prohungarites,0,0,0,0,1,0,0,0,0,0
Promathilda,0,0,0,1,0,0,0,0,0,1
Promathildia,0,0,0,0,0,0,0,1,0,1
Promyalina,1,1,1,1,1,0,0,0,0,0
Promysidiella,0,1,1,1,1,1,1,1,1,1
Promytilus,1,0,0,0,1,0,0,0,0,0
Pronoetlingites,0,0,0,0,0,0,1,1,0,0
Proptychites,0,1,1,1,0,0,0,0,0,0
Proptychitidae,0,0,1,1,0,0,0,0,0,0
Proptychitoides,0,0,0,1,1,1,0,0,0,0
Propupaspira,1,0,0,0,0,0,0,0,0,0
Prosoleptus,0,0,0,0,0,0,0,1,0,1
Prosphingites,0,0,0,1,1,0,0,0,0,0
Prosphingitoides,0,0,0,1,0,0,0,0,0,0
Prospondylus,1,0,0,0,0,0,0,1,0,1
Proteusites,0,0,0,0,0,0,0,1,0,1
Protogusarella,0,0,0,0,1,0,0,0,0,0
Protonerita,0,0,0,0,1,0,1,0,0,1
Protopis,0,0,0,1,1,0,0,0,1,1
Protorcula,0,0,0,0,0,0,0,1,0,0
Protostrea,0,0,0,0,0,0,0,1,0,1
Protostylus,1,0,0,0,0,0,0,0,0,0
Prototoceras,1,0,0,0,0,0,0,0,0,0
Protrachyceras,0,0,0,0,0,0,1,0,1,1
Protropites,0,0,0,0,1,0,0,0,0,0
Pseudacrochordiceras,0,0,0,0,1,0,0,0,0,0
Pseudaspenites,0,0,1,1,0,0,0,0,0,0
Pseudaspidites,0,0,1,1,1,0,0,0,0,0
Pseudobaylea,1,0,0,0,0,0,0,0,0,0
Pseudoceltites,0,0,0,1,1,0,0,0,0,0
Pseudocorbula,0,0,1,0,1,1,1,1,1,1
Pseudodanubites,0,0,0,0,0,0,1,1,0,1
Pseudoflemingites,0,0,0,1,0,0,0,0,0,0
Pseudogalfettites,0,0,0,1,0,0,0,0,0,0
Pseudogastrioceras,1,0,0,0,0,0,0,0,0,0
Pseudohollandites,0,0,0,0,0,0,1,0,0,1
Pseudokeyserlingites,0,0,0,0,0,1,0,0,0,0
Pseudolabaia,1,0,0,0,0,0,0,0,0,0
Pseudolimea,0,0,0,0,1,0,0,0,0,1
Pseudomelania,0,0,0,0,0,0,0,0,0,1
Pseudomonotidae,1,0,0,0,0,0,0,0,0,0
Pseudomonotis,1,1,1,1,1,0,0,1,1,1
Pseudomurchisonia,0,1,1,0,0,0,0,0,0,0
Pseudomyoconcha,0,0,0,0,1,1,0,1,0,1
Pseudopermophorus,0,0,0,0,1,0,0,0,0,0
Pseudoplacunopsis,0,0,0,0,0,0,0,1,0,0
Pseudoproptychites,0,1,1,1,0,0,0,0,0,0
Pseudoprosphingites,0,0,0,1,1,0,0,0,0,0
Pseudopugnax,1,0,0,0,0,0,0,0,0,0
Pseudosageceras,0,1,1,1,1,1,0,0,0,1
Pseudoscalites,0,0,0,0,0,0,0,1,0,0
Pseudospiriferina,0,0,0,0,1,1,0,1,1,1
Pseudostephanites,1,0,0,0,0,0,0,0,0,0
Pseudostreptorhynchus,1,0,0,0,0,0,0,0,0,0
Pseudosvalbardiceras,0,0,0,0,1,0,0,0,0,0
Pseudotirolites,1,0,0,0,0,0,0,0,0,0
Pseudotoceras,1,0,0,0,0,0,0,0,0,0
Pseudotritonium,0,0,0,1,0,0,0,0,0,0
Pseudowellerella,1,0,0,0,0,0,0,0,0,0
Pseudozygopleura,1,0,0,0,0,0,0,0,0,0
Pseudozygopleuridae,0,1,0,0,0,0,0,0,0,0
Psilocamara,1,0,0,0,0,0,0,0,0,0
Psilocladiscites,0,0,0,0,0,0,1,0,0,1
Psilosturia,0,0,0,0,0,1,1,1,1,1
Pteria,1,1,1,1,1,0,1,1,0,1
Pterinea,0,0,0,0,0,0,0,0,0,1
Pterineidae,1,0,0,0,0,0,0,0,0,0
Pterinopectinidae,1,0,0,0,0,0,0,0,0,0
Pterioida,1,0,0,0,1,0,0,0,0,0
Pterioidea,1,0,0,0,1,0,0,0,0,0
Pteriomorphia,0,0,0,0,0,0,0,0,0,1
Pteroclaraia,0,0,1,0,0,0,0,0,0,0
Pterohalobia,0,0,0,0,0,0,0,0,0,1
Pteronites,1,0,0,0,0,0,0,0,0,0
Pteroplecta,1,0,0,0,0,0,0,0,0,0
Ptychites,0,0,0,0,0,1,1,1,1,1
Ptychobellerophon,1,0,0,0,0,0,0,0,0,0
Ptychomentzelia,0,0,0,0,0,1,1,1,0,0
Ptychomphalina,1,0,0,0,0,0,0,0,0,1
Ptychomphalus,0,0,0,0,0,0,0,0,0,1
Ptychopopanoceras,0,0,0,0,0,0,0,0,0,1
Ptychopteria,1,0,0,0,0,0,0,0,0,0
Ptychosphaera,1,0,0,0,0,0,0,0,0,0
Ptychosphaerites,0,0,0,0,0,0,0,1,0,0
Pugnax,1,0,0,0,0,0,0,0,0,0
Punctospirella,0,0,0,0,0,0,1,1,1,1
Punctospirifer,1,0,0,0,0,0,0,0,0,0
Punjabites,0,0,0,1,0,0,0,0,0,0
Pustula,1,1,0,0,0,0,0,0,0,0
Pustulifer,0,0,0,0,0,0,0,0,0,1
Pustuloplica,1,0,0,0,0,0,0,0,0,0
Pygmochonetes,1,0,0,0,0,0,0,0,0,0
Pyramus,1,0,0,0,0,0,0,0,0,0
Qianjiangoceras,1,0,0,0,0,0,0,0,0,0
Qilianoconcha,0,0,0,0,0,0,0,0,0,1
Qinghaispiriferina,0,0,0,0,0,1,0,0,0,1
Qinglongia,1,0,0,0,0,0,0,0,0,0
Qinglongites,1,0,0,0,0,0,0,0,0,0
Qingyaniola,0,0,0,0,0,0,0,0,0,1
Qingyenia,0,0,0,0,0,0,0,1,0,0
Qispiriferina,0,0,0,0,0,0,0,0,0,1
Quinquenella,1,0,0,0,0,0,0,0,0,0
Radioceras,0,0,1,1,0,0,0,0,0,0
Radioprionites,0,0,0,1,0,0,0,0,0,0
Ramina,0,0,0,0,0,0,0,0,0,1
Ramonalina,0,0,0,0,0,0,0,1,0,1
Ramusatomaria,0,0,0,0,0,0,0,0,1,0
Rasatomaria,0,0,0,0,0,0,1,0,1,0
Rectambitus,1,0,0,0,0,0,0,0,0,0
Reiflingites,0,0,0,0,0,0,1,1,1,0
Reitziites,0,0,0,0,0,0,0,0,1,0
Repossia,0,0,0,0,0,0,0,0,1,0
Reticulariina,1,0,0,0,0,0,0,0,0,0
Reticulatia,1,0,0,0,0,0,0,0,0,0
Retimarginifera,1,0,0,0,0,0,0,0,0,0
Retiogastrioceras,1,0,0,0,0,0,0,0,0,0
Retispira,1,1,0,0,0,0,0,0,0,0
Retzia,1,0,0,0,0,0,0,1,0,1
Rhaetina,0,0,0,0,1,0,1,0,0,0
Rhaphistomella,1,0,0,0,0,0,0,1,0,0
Rhipidomella,1,0,0,0,0,0,0,0,0,0
Rhynchonella,0,0,0,0,1,0,0,1,1,1
Rhynchonellata,0,1,0,0,0,0,0,0,0,0
Rhynchonellida,1,1,0,1,1,0,0,1,0,1
Rhynchonellidae,1,1,0,0,1,0,0,0,0,0
Rhynchonelliformea,1,1,0,0,0,0,0,0,0,0
Rhynchopterus,0,0,0,0,0,0,0,0,1,0
Richthofenia,1,0,0,0,0,0,0,0,0,0
Richthofeniidae,1,0,0,0,0,0,0,0,0,0
Rieberites,0,0,0,0,0,0,0,0,1,0
Rieppelites,0,0,0,0,0,0,0,1,1,1
Rinaldoella,0,0,0,0,0,0,0,1,0,1
Riselloidea,0,0,0,0,0,0,0,1,0,1
Robinsonites,0,0,0,0,0,1,1,0,0,0
Rohillites,0,0,0,1,0,0,0,0,0,0
Romaniamya,0,0,0,0,0,0,1,0,0,0
Ronconites,0,0,0,0,0,0,0,0,1,0
Rongjiangoceras,1,0,0,0,0,0,0,0,0,0
Roopnarinites,0,0,0,1,0,0,0,0,0,0
Rostranteris,1,0,0,0,0,0,0,0,0,0
Rotodiscoceras,1,0,0,0,0,0,0,0,0,0
Royalella,1,0,0,0,0,0,0,0,0,0
Rudolftruempyiceras,0,0,0,0,1,0,0,0,0,0
Rufilla,0,0,0,0,0,0,0,0,1,0
Rugaria,1,0,0,0,0,0,0,0,0,0
Rugiclaraia,0,0,1,0,0,0,0,0,0,0
Rugicostella,1,0,0,0,0,0,0,0,0,0
Rugivestis,1,0,0,0,0,0,0,0,0,0
Rutorhynchia,0,0,0,0,0,0,0,1,0,0
Sabaliceras,1,0,0,0,0,0,0,0,0,0
Sacothyris,0,0,0,0,0,0,0,1,0,0
Saeptathaerus,1,0,0,0,0,0,0,0,0,0
Safraites,0,0,0,1,0,0,0,0,0,0
Sageceras,1,0,0,0,0,1,1,1,1,1
Sakhaites,0,0,1,1,0,0,0,0,0,0
Sakhaitoides,0,0,1,0,0,0,0,0,0,0
Salterites,0,0,0,0,0,0,0,0,0,1
Sanguinolites,1,0,0,0,0,0,0,0,0,0
Sarepta,1,0,0,0,1,1,0,0,1,0
Sarytchevinella,1,0,0,0,0,0,0,0,0,0
Scacchinella,1,0,0,0,0,0,0,0,0,0
Scalaria,0,0,0,0,0,0,0,0,0,1
Schafhaeutlia,0,1,0,0,1,1,1,1,1,1
Schellwienella,1,0,0,0,0,0,0,0,0,0
Schizodus,1,0,0,0,0,0,0,0,0,0
Schizogonium,0,0,0,0,0,0,0,1,1,1
Schizoloboceras,1,0,0,0,0,0,0,0,0,0
Schizophoria,1,0,0,0,0,0,0,0,0,0
Schrenkiella,1,0,0,0,0,0,0,0,0,0
Schreyerites,0,0,0,0,0,0,0,1,1,1
Schuchertella,1,0,0,0,0,0,0,0,0,0
Schwagerispira,0,0,0,1,0,1,1,1,1,1
Scurria,0,0,0,0,0,0,0,0,0,1
Scurriopsis,0,0,0,0,1,0,0,1,0,1
Scythentolium,0,1,1,1,1,0,1,0,0,0
Sedgwickia,1,0,0,0,0,0,0,0,0,0
Selenimyalina,1,0,0,0,0,0,0,0,0,0
Selongthyris,0,0,0,1,0,0,0,0,0,0
Sementiconcha,0,0,0,1,1,0,0,0,0,0
Semibrachythyrina,1,0,0,0,0,0,0,0,0,0
Semiornites,0,0,0,0,0,0,0,1,1,1
Septaliphorioidea,0,0,0,0,0,0,0,1,0,1
Septifer,0,0,0,0,0,0,0,0,0,1
Septimyalina,1,0,0,0,0,0,0,0,0,0
Septospirigerella,1,0,0,0,0,0,0,0,0,0
Serania,0,0,0,0,0,0,0,0,0,1
Serpianites,0,0,0,0,0,0,0,0,1,0
Shamaraites,0,0,1,1,0,0,0,0,0,0
Shangganites,0,1,1,0,0,0,0,0,0,0
Shangsilites,1,0,0,0,0,0,0,0,0,0
Shevyrevites,1,0,0,0,0,0,0,0,0,0
Shigetaceras,0,0,0,1,0,0,0,0,0,0
Shimanskyites,0,0,0,1,0,0,0,0,0,0
Sibirites,0,0,0,0,1,0,0,0,0,0
Sibyllites,0,0,0,0,0,0,0,0,0,1
Sichuanothyris,1,0,0,0,0,0,0,0,0,0
Silberlingeria,0,0,0,1,1,0,0,0,0,0
Silberlingites,0,0,0,0,0,1,0,0,0,0
Silberlingitoides,0,0,0,0,0,0,0,0,1,1
Silesiathyris,0,0,0,0,0,0,0,1,1,1
Simplicisulcus,1,0,0,0,0,0,0,0,0,0
Sinbadiella,0,0,0,1,0,0,0,0,0,0
Sinoceltites,1,0,0,0,0,0,0,0,0,0
Sinoglottidia,1,1,0,0,0,0,0,0,0,0
Sinolingularia,0,1,0,0,0,0,0,0,0,0
Sinorhynchia,0,0,0,0,0,0,0,1,0,0
Sinuarbullina,0,1,1,0,0,0,0,0,0,0
Sinucosta,0,0,0,0,0,1,0,1,1,1
Sinucostella,0,0,0,0,0,0,0,0,0,1
Sinuitina,1,0,0,0,0,0,0,0,0,0
Sirenotrachyceras,0,0,0,0,0,0,0,0,0,1
Sisenna,0,0,0,0,0,0,1,1,1,1
Smithoceras,0,0,0,0,0,0,0,0,0,1
Solariconulus,0,0,0,0,1,0,0,0,0,0
Solemya,1,0,0,1,0,0,0,0,1,1
Soleniscus,1,0,0,1,0,0,0,0,0,0
Songzichonetes,1,0,0,0,0,0,0,0,0,0
Sowerbina,1,0,0,0,0,0,0,0,0,0
Speciothyris,1,1,0,0,0,0,0,0,0,0
Spengleria,1,0,0,0,0,0,0,0,0,0
Sphaera,0,0,0,0,0,0,1,0,0,1
Sphaeriola,1,0,0,0,0,0,0,0,0,0
Spinomarginifera,1,1,0,0,0,0,0,0,0,0
Spinomartinia,1,0,0,0,0,0,0,0,0,0
Spirelytha,1,0,0,0,0,0,0,0,0,0
Spirifer,1,0,0,0,0,0,0,0,0,1
Spiriferella,1,0,0,0,0,0,0,0,0,0
Spiriferellina,1,0,0,0,0,0,0,0,0,0
Spiriferida,1,0,0,1,0,0,0,0,0,0
Spiriferidae,1,0,0,0,0,0,0,0,0,0
Spiriferidina,1,0,0,0,0,0,0,0,0,0
Spiriferina,0,1,0,1,0,0,0,1,1,1
Spiriferinoidea,1,0,0,0,0,0,0,0,0,0
Spiriferoidea,0,0,0,0,1,0,0,0,0,0
Spirigera,0,0,0,0,0,0,0,1,0,1
Spirigerella,1,0,0,0,0,0,0,0,0,0
Spirigerellina,1,0,0,1,1,1,1,1,1,1
Spirigerellinae,1,0,0,0,0,0,0,0,0,0
Spirochrysalis,0,0,0,0,1,0,0,1,0,0
Spiroscala,1,0,0,0,0,0,0,0,0,0
Spirostylus,0,0,0,0,0,0,1,1,0,1
Spirovallum,1,0,0,0,0,0,0,0,0,0
Squamularia,1,0,0,0,0,0,0,0,0,0
Stacheites,0,0,0,0,1,0,0,0,0,1
Stachella,1,1,0,0,0,0,0,0,0,0
Stacheoceras,1,0,0,0,0,0,0,0,0,0
Stannakhites,0,0,0,0,0,0,1,0,0,1
Steckites,0,0,0,1,0,0,0,0,0,0
Stenophyllites,0,0,0,0,1,1,0,0,0,0
Stenopopanoceras,0,0,0,0,0,1,1,1,0,1
Stenoscisma,1,0,0,0,0,0,0,0,0,0
Stepanoviella,1,0,0,0,0,0,0,0,0,0
Stephanites,0,0,0,1,0,0,0,0,0,0
Stipulina,1,0,0,0,0,0,0,0,0,0
Stolzenburgiella,0,0,0,0,0,0,0,0,0,1
Stoppaniceras,0,0,0,0,0,0,0,0,1,0
Stoyanowites,1,0,0,0,0,0,0,0,0,0
Straparella,1,0,0,0,0,0,0,0,0,0
Straparollus,1,0,0,0,0,0,0,1,0,0
Streblochondria,1,0,0,1,0,0,0,0,0,0
Streblopermia,1,0,0,0,0,0,0,0,0,0
Streblopteria,1,0,0,0,0,0,0,0,0,0
Streblopterinella,0,0,0,1,1,0,0,0,0,0
Streptacis,1,1,0,0,0,0,0,0,0,0
Streptorhynchinae,1,0,0,0,0,0,0,0,0,0
Streptorhynchus,1,0,0,0,0,0,0,0,0,0
Striacingulum,0,0,0,0,0,0,0,0,1,0
Striatospica,1,0,0,0,0,0,0,0,0,0
Strigogoniatites,1,0,0,0,0,0,0,0,0,0
Strobeus,1,1,1,1,0,0,0,0,0,1
Strophalosia,1,0,0,0,0,0,0,0,0,0
Strophalosiidae,1,0,0,0,0,0,0,0,0,0
Strophalosiina,1,0,0,0,0,0,0,0,0,0
Strotostoma,1,0,0,0,0,0,0,0,0,0
Stuoraxis,1,0,0,0,0,0,0,0,0,0
Stuorella,0,0,0,0,0,0,0,1,1,0
Sturia,0,0,0,0,0,1,1,1,1,1
Stutchburia,1,1,1,0,0,0,0,0,0,0
Subacerites,0,0,1,0,0,0,0,0,0,0
Subalbanites,0,0,0,1,0,0,0,0,0,0
Subbalhaeceras,0,0,0,1,0,0,0,0,0,0
Subcolumbites,0,0,0,0,1,0,0,0,0,0
Subeothinites,1,0,0,0,0,0,0,0,0,0
Subfengshanites,0,0,0,0,1,0,0,0,0,0
Subflemingites,0,0,0,1,0,0,0,0,0,0
Subhungarites,0,0,0,0,1,0,0,0,0,0
Subinyoites,0,0,1,1,0,0,0,0,0,0
Submeekoceras,0,0,1,1,1,0,0,0,0,0
Subolenekites,0,0,0,0,1,0,0,0,0,0
Subowenites,0,0,0,1,0,0,0,0,0,0
Subradioceras,0,0,0,1,0,0,0,0,0,0
Subtilichonetes,1,0,0,0,0,0,0,0,0,0
Subvishnuites,0,0,0,1,1,0,0,0,0,0
Sulcatinella,0,0,0,0,1,0,1,1,0,1
Sulcirugaria,1,0,0,0,0,0,0,0,0,0
Sulcispiriferina,1,0,0,0,0,0,0,0,0,0
Sulcorhynchia,0,0,0,0,0,0,0,0,0,1
Sulioticeras,0,0,0,0,1,0,0,0,0,1
Sutchanites,1,0,0,0,0,0,0,0,0,0
Svalbardiceras,0,0,0,1,1,1,0,0,0,0
Syrella,1,0,0,0,0,0,0,0,0,0
Syringothyrididae,1,0,0,0,0,0,0,0,0,0
Syringothyridoidea,1,0,0,0,0,0,0,0,0,0
Syringothyris,1,0,0,0,0,0,0,0,0,0
Taeniothaerus,1,0,0,0,0,0,0,0,0,0
Tahua,0,0,0,0,0,0,0,0,0,1
Taimyria,1,0,0,0,0,0,0,0,0,0
Taimyrites,0,0,0,0,0,1,0,0,0,0
Taimyrodon,0,0,0,0,1,1,1,1,1,1
Taimyronectes,0,0,0,0,0,1,0,0,1,0
Tambanella,1,0,0,0,0,0,0,0,0,0
Tancredia,0,0,0,0,0,0,0,0,0,1
Tapashanites,1,0,0,0,0,0,0,0,0,0
Tapashanitidae,1,0,0,0,0,0,0,0,0,0
Tapes,0,0,0,0,0,0,0,0,0,1
Tapponnierites,0,0,0,0,1,0,0,0,0,0
Tardicolumbites,0,0,0,0,1,0,0,0,0,0
Tarimathyris,1,0,0,0,0,0,0,0,0,0
Tautosia,1,0,0,0,0,0,0,0,0,0
Tectarea,1,0,0,0,0,0,0,0,0,0
Tectospira,0,0,0,0,0,0,0,0,0,1
Tellerites,0,0,0,1,1,0,0,0,0,0
Tellina,0,0,0,0,0,0,0,0,0,1
Temnotropis,0,0,0,0,0,0,0,1,1,0
Tenuichonetes,1,0,0,0,0,0,0,0,0,0
Terebratula,0,1,1,0,0,0,0,0,1,1
Terebratulida,0,0,0,0,1,0,0,1,1,1
Terebratulidina,0,0,0,1,0,0,0,0,0,0
Terebratuloidea,1,1,0,0,0,0,0,0,0,0
Terquemia,0,1,0,0,0,1,0,1,1,1
Terquemiidae,0,0,0,0,0,0,0,1,0,0
Terrakea,1,0,0,0,0,0,0,0,0,0
Teserina,1,0,0,0,0,0,0,0,0,0
Tethyochonetes,1,0,0,0,0,0,0,0,0,0
Tethysiella,1,0,0,0,0,0,0,0,0,0
Tetractinella,0,0,0,0,0,0,1,1,1,1
Tetsaoceras,0,0,0,0,0,0,1,1,0,1
Texturaspira,0,0,0,0,0,0,0,1,1,1
Thanamites,0,0,0,0,0,0,0,0,1,0
Thecocyrtella,0,0,0,0,0,0,0,1,0,1
Thecocyrtelloidea,0,0,0,0,0,0,0,1,0,0
Thermalites,0,0,0,1,0,0,0,0,0,0
Thracia,0,0,0,0,0,0,0,0,0,1
Thyratryaria,0,0,0,1,0,0,0,0,0,0
Tianjunospina,0,0,0,0,0,0,0,0,0,1
Tibetothyris,0,0,0,0,0,0,0,0,0,1
Ticinites,0,0,0,0,0,0,0,0,1,0
Timites,0,0,0,0,0,0,0,0,0,1
Timoceras,0,0,0,0,1,0,0,0,0,0
Timoria,0,0,0,0,0,0,0,0,0,1
Tipispirifer,1,0,0,0,0,0,0,0,0,0
Tiramnia,1,0,0,0,0,0,0,0,0,0
Tirolites,0,0,0,1,1,0,0,0,0,0
Tjururpites,0,0,0,0,1,0,0,0,0,0
Tomiopsis,1,0,0,0,0,0,0,0,0,0
Tompophiceras,1,1,0,0,0,0,0,0,0,0
Tompoproptychites,0,0,1,0,0,0,0,0,0,0
Tongweispira,0,0,0,0,0,0,0,0,0,1
Tongzithyris,1,0,0,0,0,0,0,0,0,0
Tosapecten,0,0,0,0,0,0,0,0,0,1
Tosuhuthyris,0,0,0,0,0,1,0,0,0,1
Towapteria,1,1,1,0,0,0,0,0,0,0
Toxoconcha,0,0,1,0,0,0,0,1,0,1
Tozericeras,0,0,0,0,1,0,0,0,0,0
Tozerites,0,0,0,0,0,0,0,0,1,1
Trabeculatia,1,0,0,0,0,0,0,0,0,0
Trachybembix,1,0,1,0,0,0,0,0,1,0
Trachyceras,0,0,0,0,0,0,0,0,1,1
Trachydomia,1,0,0,0,0,0,0,0,0,0
Trachynerita,0,0,0,0,0,0,0,1,1,1
Trachyornites,0,0,0,0,0,0,0,0,0,1
Trachyspira,1,0,0,0,0,0,0,0,0,0
Trachyspiridae,0,0,1,0,0,0,0,0,0,0
Transcaucasathyris,1,0,0,0,0,0,0,0,0,0
Transennatia,1,0,0,0,0,0,0,0,0,0
Trentingula,1,1,1,1,0,0,0,0,0,0
Tretospira,0,0,0,0,0,0,0,0,0,1
Triaphorus,0,0,0,0,0,0,0,0,0,1
Triasorhynchia,0,0,0,0,0,0,0,0,0,1
Triassocirrus,0,0,0,0,0,0,1,1,0,1
Trigonia,0,0,0,0,0,0,0,0,0,1
Trigoniacea,0,0,0,0,1,0,0,0,0,0
Trigonioidea,0,0,0,0,1,0,0,0,0,0
Trigonirhynchella,0,0,0,0,0,0,0,1,1,0
Trigonodidae,0,1,0,0,0,0,0,0,0,0
Trigonodus,0,0,0,1,1,0,0,1,0,1
Trigonogastrites,1,0,0,0,0,0,0,0,0,0
Trigonotreta,1,0,0,0,0,0,0,0,0,0
Trigonucula,0,0,0,1,0,0,0,0,0,0
Triseptothyris,0,0,0,0,0,0,0,0,0,1
Trochidae,0,0,0,0,0,0,0,1,0,0
Trochotoma,0,0,0,1,0,0,0,0,0,1
Trochus,0,0,0,0,0,0,0,1,0,1
Tropidelasma,1,0,0,0,0,0,0,0,0,0
Tropidodiscus,1,0,0,0,0,0,0,0,0,0
Tropigastrites,0,0,0,0,0,1,1,0,1,1
Tropigymnites,0,0,0,0,0,0,0,1,1,1
Truempyceras,0,0,0,1,0,0,0,0,0,0
Trypanostylus,0,0,0,0,0,0,0,1,0,1
Tschernyschewia,1,0,0,0,0,0,0,0,0,0
Tsvetkovites,0,0,0,0,0,0,0,0,0,1
Tuaroceras,0,0,0,0,0,0,0,0,0,1
Tulongites,0,0,0,1,0,0,0,0,0,0
Tulungospirifer,0,0,0,0,0,1,1,1,0,1
Tunethyris,0,0,0,0,0,0,0,0,1,0
Tunglanites,0,0,0,0,1,0,0,0,0,0
Turbinidae,0,0,0,0,0,0,1,1,0,0
Turbonilla,0,0,0,0,0,0,0,0,0,1
Tyloplecta,1,0,0,0,0,0,0,0,0,0
Tylotrochus,0,0,0,0,0,0,0,0,0,1
Tyrsoecus,0,0,0,0,0,0,0,1,0,0
Umbrostrea,0,0,0,0,0,0,1,1,1,1
Uncinunellina,1,1,0,0,0,0,0,0,0,0
Undularia,0,0,0,0,0,1,0,1,0,1
Unicardium,0,0,0,1,1,0,1,1,0,1
Unio,0,0,0,0,0,0,0,1,0,1
Unionidae,0,0,0,0,0,0,0,0,0,1
Unionites,1,1,1,1,1,1,0,1,1,1
Unionvillites,0,0,0,0,0,0,1,0,0,1
Uniplicatorhynchia,0,0,0,0,1,1,0,0,0,0
Urdyceras,0,0,0,1,0,0,0,0,0,0
Urushtenia,1,0,0,0,0,0,0,0,0,0
Urushtenoidea,1,0,0,0,0,0,0,0,0,0
Ussuria,0,0,0,1,0,0,0,0,0,0
Ussuriaspenites,0,0,0,1,0,0,0,0,0,0
Ussuridiscus,0,1,1,1,0,0,0,0,0,0
Ussuriflemingites,0,0,1,1,0,0,0,0,0,0
Ussuriidae,0,0,0,1,0,0,0,0,0,0
Ussurijuvenites,0,0,0,1,0,0,0,0,0,0
Ussuriphyllites,0,0,0,0,1,0,0,0,0,1
Ussurites,0,0,0,0,1,1,1,0,1,1
Ussuritidae,0,0,0,0,0,0,0,0,0,1
Vacunella,1,0,0,0,0,0,0,0,0,0
Vavilovites,0,0,1,0,0,0,0,0,0,0
Vediproductus,1,0,0,0,0,0,0,0,0,0
Veldidenella,0,0,0,0,0,0,0,0,0,1
Ventricaria,0,0,0,0,0,0,0,0,0,1
Vercherites,0,0,0,1,0,0,0,0,0,0
Vermicularia,0,0,0,0,0,0,0,1,0,0
Vernelia,0,1,0,1,0,0,0,1,0,0
Verneuilnodon,1,0,0,0,0,0,0,0,0,0
Veteranella,1,0,0,0,0,0,0,0,0,0
Vetigastropoda,0,0,0,0,0,0,1,0,0,0
Vex,0,0,0,1,1,0,0,0,0,0
Vickohlerites,0,0,0,0,1,0,0,0,0,0
Viezzenella,0,0,0,0,0,0,0,0,1,0
Vishnuites,0,1,1,0,0,0,0,0,0,0
Vistilia,0,0,0,0,0,0,0,1,1,1
Volirhynchia,0,0,0,0,0,0,0,1,1,1
Volsellina,1,0,0,0,0,0,0,0,0,0
Voluceropecten,1,0,0,0,0,0,0,0,0,0
Vorobyevites,0,0,0,0,0,0,1,0,0,0
Waagenella,1,0,0,0,0,0,0,0,0,0
Waagenites,1,1,0,0,0,0,0,0,0,0
Waagenoconcha,1,0,0,0,0,0,0,0,0,0
Wadispirifer,1,0,0,0,0,0,0,0,0,0
Waijiaoella,0,0,0,0,0,0,0,0,0,1
Wailiceras,0,0,0,1,0,0,0,0,0,0
Wairakiella,1,0,0,0,0,0,0,0,0,0
Wairakirhynchia,0,0,0,0,0,0,0,0,0,1
Wairakispirifer,1,0,0,0,0,0,0,0,0,0
Waldheimia,0,0,0,0,0,0,0,1,1,1
Wallerobia,0,0,0,0,0,0,0,0,0,1
Wangrenoceras,1,0,0,0,0,0,0,0,0,0
Wannerispira,1,1,0,0,0,0,0,0,0,0
Warthia,1,1,1,1,0,0,0,0,0,0
Wasatchites,0,0,0,1,1,0,0,0,0,1
Weitschaticeras,0,0,0,1,0,0,0,0,0,0
Wellerella,1,0,0,0,0,0,0,0,0,0
Wellerellidae,0,1,0,0,0,0,0,0,0,0
Wellerellina,1,0,0,0,0,0,0,0,0,0
Werfenella,0,1,0,0,1,0,0,0,0,0
Whitspakia,1,0,0,0,0,0,0,0,0,0
Wilkingia,1,0,0,0,0,0,0,0,0,0
Woehrmannia,0,0,0,0,0,0,0,1,0,0
Wordieoceras,0,1,0,0,0,0,0,0,0,0
Worthenia,1,1,0,1,1,0,1,1,1,1
Wortheniella,0,0,0,1,1,0,0,1,1,1
Wortheniopsis,0,0,0,0,1,0,1,0,1,0
Wyndhamia,1,0,0,0,0,0,0,0,0,0
Wyomingites,0,0,1,1,0,0,0,0,0,0
Xenoceltites,0,0,0,1,1,0,0,0,0,0
Xenoceltitidae,0,0,0,1,0,0,0,0,0,0
Xenodiscidae,1,0,0,0,0,0,0,0,0,0
Xenodiscoides,0,0,1,1,0,0,0,0,0,0
Xenodiscus,1,1,0,1,1,0,0,0,0,0
Xiaoqiaoceras,0,0,0,1,0,0,0,0,0,0
Xinanopecten,1,0,0,0,0,0,0,0,0,0
Yangkongia,0,0,0,0,0,0,0,0,0,1
Yaonoiella,1,0,0,0,0,0,0,0,0,0
Yunnania,1,0,0,0,0,0,0,0,0,0
Yvesgalleticeras,0,0,0,0,1,0,0,0,0,0
Zeilleria,0,0,0,0,0,0,0,0,0,1
Zenoites,0,0,0,0,1,0,0,0,0,0
Zhifangia,0,0,0,0,0,0,0,0,0,1
Zhongliangshania,1,0,0,0,0,0,0,0,0,0
Ziyunites,0,0,0,0,1,1,0,0,0,0
Zygites,0,0,0,0,0,0,0,1,0,1
Zygopleura,0,1,0,1,0,1,0,1,0,1
Zygopleuridae,0,0,1,0,0,0,0,0,0,0
