genus,interval,survived
Abichites,Changhsingian,0
Abrekia,Griesbachian,0
Abrekia,Smithian,0
Abrekia,Aegean,0
Abrekites,Smithian,0
Abrekopsis,Griesbachian,1
Abrekopsis,Dienerian,1
Abrekopsis,Smithian,1
Abrekopsis,Spathian,0
Acanthopecten,Changhsingian,0
Acharax,Changhsingian,0
Aclisina,Changhsingian,0
Aclisina,Spathian,0
Acosarina,Changhsingian,1
Acosarina,Griesbachian,0
Acrochordiceras,Smithian,0
Acrochordiceras,Aegean,1
Acrochordiceras,Bithynian,1
Acrochordiceras,Pelsonian,1
Acrochordiceras,Illyrian,1
Acteonina,Changhsingian,0
Actinodontophora,Changhsingian,0
Acutomeekoceras,Smithian,0
Adygella,Aegean,1
Adygella,Bithynian,0
Adygella,Illyrian,1
Aegeiceras,Aegean,1
Aegeiceras,Bithynian,0
Aghdarbandites,Aegean,1
Aghdarbandites,Bithynian,0
Alanites,Bithynian,1
Alanites,Pelsonian,0
Alatoproductus,Changhsingian,0
Alatorthotetina,Changhsingian,0
Albanites,Spathian,1
Albanites,Aegean,0
Aldanoceras,Changhsingian,1
Aldanoceras,Griesbachian,0
Alibashites,Changhsingian,0
Allocosmia,Pelsonian,0
Allorhynchus,Changhsingian,0
Allorisma,Changhsingian,0
Alphaneospirifer,Changhsingian,0
Altadema,Griesbachian,1
Altadema,Dienerian,0
Alula,Changhsingian,0
Ambikella,Changhsingian,0
Ambites,Griesbachian,1
Ambites,Dienerian,1
Ambites,Smithian,0
Ambitoides,Dienerian,0
Ambocoeliidae,Griesbachian,0
Ammonoidea,Changhsingian,1
Ammonoidea,Griesbachian,0
Ammonoidea,Smithian,1
Ammonoidea,Spathian,0
Ammonoidea,Pelsonian,0
Ampezzopleura,Smithian,0
Amphijanira,Bithynian,0
Amphipopanoceras,Aegean,1
Amphipopanoceras,Bithynian,1
Amphipopanoceras,Pelsonian,1
Amphipopanoceras,Illyrian,1
Amphistephanites,Smithian,0
Amygdalocosta,Changhsingian,0
Anaflemingites,Smithian,0
Anagymnites,Aegean,1
Anagymnites,Bithynian,0
Anagymnites,Illyrian,1
Anagymnotoceras,Bithynian,1
Anagymnotoceras,Pelsonian,1
Anagymnotoceras,Illyrian,1
Anahedenstroemia,Smithian,1
Anahedenstroemia,Spathian,0
Anakashmirites,Smithian,1
Anakashmirites,Spathian,0
Ananias,Changhsingian,0
Anasibirites,Smithian,1
Anasibirites,Spathian,0
Anawasatchites,Smithian,0
Anaxenaspis,Smithian,1
Anaxenaspis,Spathian,0
Anchorhynchia,Changhsingian,0
Ancorhynchia,Changhsingian,0
Anematina,Changhsingian,0
Angustothyris,Bithynian,1
Angustothyris,Pelsonian,1
Angustothyris,Illyrian,1
Anidanthus,Changhsingian,0
Annuliconcha,Changhsingian,0
Anodontophora,Griesbachian,1
Anodontophora,Dienerian,0
Anomalodesmata,Bithynian,0
Anomia,Changhsingian,1
Anomia,Griesbachian,0
Anomphalus,Changhsingian,1
Anomphalus,Griesbachian,0
Anomphalus,Smithian,0
Anotoceras,Griesbachian,1
Anotoceras,Dienerian,0
Antezeilleria,Spathian,0
Apachella,Changhsingian,0
Aperispirifer,Changhsingian,0
Aplococeras,Illyrian,1
Arasella,Changhsingian,0
Araxathyris,Changhsingian,1
Araxathyris,Griesbachian,0
Araxoceras,Changhsingian,0
Arcavicula,Spathian,0
Arcavicula,Pelsonian,0
Arcestes,Smithian,0
Arcestes,Pelsonian,1
Arcestes,Illyrian,1
Arcomya,Spathian,0
Arcomya,Pelsonian,0
Arcoptera,Illyrian,0
Arctitreta,Changhsingian,0
Arctocardinia,Aegean,0
Arctoceras,Dienerian,1
Arctoceras,Smithian,1
Arctoceras,Spathian,1
Arctoceras,Aegean,0
Arctoceratidae,Smithian,0
Arctogymnites,Illyrian,1
Arctohungarites,Spathian,1
Arctohungarites,Aegean,1
Arctohungarites,Bithynian,1
Arctohungarites,Pelsonian,0
Arctomeekoceras,Spathian,0
Arctoprionites,Smithian,1
Arctoprionites,Spathian,0
Arcullina,Changhsingian,0
Arianites,Spathian,0
Aristoptychites,Illyrian,0
Arnautoceltites,Smithian,1
Arnautoceltites,Spathian,0
Arthaberites,Illyrian,0
Asoella,Griesbachian,0
Asoella,Smithian,0
Asoella,Bithynian,1
Asoella,Pelsonian,0
Aspenites,Dienerian,1
Aspenites,Smithian,1
Aspenites,Spathian,0
Asperlinus,Changhsingian,0
Aspidites,Smithian,0
Asseretoceras,Illyrian,1
Astarte,Pelsonian,0
Astartella,Changhsingian,1
Astartella,Griesbachian,0
Astartella,Spathian,0
Astartidae,Spathian,0
Astartila,Changhsingian,0
Astartopsis,Griesbachian,0
Athyrella,Changhsingian,0
Athyrididae,Changhsingian,0
Athyris,Changhsingian,0
Athyris,Pelsonian,0
Atomodesma,Changhsingian,1
Atomodesma,Griesbachian,0
Atorcula,Smithian,0
Atriboniidae,Smithian,0
Atrina,Bithynian,1
Atrina,Pelsonian,0
Attenuatella,Changhsingian,0
Augustaceras,Bithynian,1
Augustaceras,Pelsonian,0
Aulacothyris,Pelsonian,1
Aulacothyris,Illyrian,1
Aulosteges,Changhsingian,0
Aulostegidae,Changhsingian,0
Aurilinoproductus,Changhsingian,0
Austriellula,Spathian,0
Austriellula,Bithynian,1
Austriellula,Pelsonian,0
Austrotindaria,Changhsingian,1
Austrotindaria,Griesbachian,1
Austrotindaria,Dienerian,1
Austrotindaria,Smithian,1
Austrotindaria,Spathian,0
Avichlamys,Spathian,0
Avichlamys,Bithynian,0
Avicula,Changhsingian,0
Avicula,Spathian,0
Avicula,Illyrian,1
Aviculomyalina,Illyrian,0
Aviculopecten,Changhsingian,1
Aviculopecten,Griesbachian,1
Aviculopecten,Dienerian,1
Aviculopecten,Smithian,1
Aviculopecten,Spathian,0
Aviculopectinidae,Changhsingian,1
Aviculopectinidae,Griesbachian,0
Aviculopectinoidea,Changhsingian,1
Aviculopectinoidea,Griesbachian,0
Aviculopinna,Changhsingian,0
Awanites,Dienerian,0
Azarianites,Aegean,1
Azarianites,Bithynian,0
Baidites,Smithian,0
Bajarunia,Smithian,1
Bajarunia,Spathian,0
Bajkuria,Changhsingian,0
Bakevellia,Changhsingian,1
Bakevellia,Griesbachian,1
Bakevellia,Dienerian,1
Bakevellia,Smithian,1
Bakevellia,Spathian,1
Bakevellia,Aegean,1
Bakevellia,Bithynian,1
Bakevellia,Pelsonian,1
Bakevellia,Illyrian,1
Bakevelliidae,Bithynian,0
Balatonites,Smithian,0
Balatonites,Pelsonian,1
Balatonites,Illyrian,1
Balhaeceras,Smithian,0
Bandoites,Smithian,0
Bandoproductus,Changhsingian,0
Battenizyga,Smithian,0
Baylea,Changhsingian,0
Beatites,Spathian,0
Bellerophon,Changhsingian,1
Bellerophon,Griesbachian,1
Bellerophon,Dienerian,0
Bellerophontida,Griesbachian,0
Bellerophontidae,Changhsingian,1
Bellerophontidae,Griesbachian,1
Bellerophontidae,Dienerian,0
Bellerophontoidea,Griesbachian,0
Bellerophontoidea,Smithian,0
Beneckeia,Aegean,1
Beneckeia,Bithynian,1
Beneckeia,Pelsonian,0
Betaneospirifer,Changhsingian,0
Beyrichites,Spathian,1
Beyrichites,Aegean,1
Beyrichites,Bithynian,1
Beyrichites,Pelsonian,1
Beyrichites,Illyrian,1
Beyrichitinae,Pelsonian,1
Beyrichitinae,Illyrian,1
Bicamella,Changhsingian,0
Bicarinella,Changhsingian,0
Billingsites,Illyrian,0
Biplatyconcha,Changhsingian,0
Bittnerites,Spathian,0
Bittnerithyris,Griesbachian,1
Bittnerithyris,Dienerian,1
Bittnerithyris,Smithian,1
Bittnerithyris,Spathian,0
Bivalvia,Changhsingian,1
Bivalvia,Griesbachian,1
Bivalvia,Dienerian,1
Bivalvia,Smithian,1
Bivalvia,Spathian,1
Bivalvia,Aegean,0
Bivalvia,Pelsonian,1
Bivalvia,Illyrian,1
Blasispirifer,Changhsingian,0
Boreomeekoceras,Smithian,1
Boreomeekoceras,Spathian,0
Bositra,Griesbachian,1
Bositra,Dienerian,1
Bositra,Smithian,1
Bositra,Spathian,0
Bositra,Bithynian,1
Bositra,Pelsonian,1
Bositra,Illyrian,1
Botulopsis,Pelsonian,0
Boutillieria,Smithian,0
Brachiopoda,Changhsingian,0
Brachiopoda,Smithian,1
Brachiopoda,Spathian,1
Brachiopoda,Aegean,0
Brachiopoda,Pelsonian,0
Brachythyrina,Changhsingian,0
Brackites,Illyrian,0
Bradyia,Aegean,1
Bradyia,Bithynian,0
Brayardites,Smithian,0
Bronzoria,Spathian,1
Bronzoria,Aegean,0
Bronzoria,Illyrian,1
Bucania,Changhsingian,0
Bucanopsis,Changhsingian,0
Buccinites,Pelsonian,0
Buddhaites,Bithynian,0
Bukkenites,Griesbachian,1
Bukkenites,Dienerian,0
Bullarina,Changhsingian,0
Bullatihungarites,Illyrian,0
Bulogites,Pelsonian,1
Bulogites,Illyrian,1
Burijites,Smithian,1
Burijites,Spathian,0
Byrrangoceras,Spathian,0
Calliotropis,Pelsonian,0
Callispirina,Changhsingian,0
Callistadia,Changhsingian,0
Callitomaria,Changhsingian,0
Calvaentolium,Illyrian,1
Camarophorinella,Changhsingian,0
Camerenteletes,Changhsingian,0
Cancellotomaria,Illyrian,0
Cancrinella,Changhsingian,0
Capillomesolobus,Changhsingian,0
Capillonia,Changhsingian,0
Cardinia,Dienerian,0
Cardinia,Pelsonian,0
Cardinioides,Spathian,0
Cardita,Spathian,0
Carditoidea,Spathian,0
Caribouceras,Spathian,0
Caricula,Changhsingian,0
Carteria,Spathian,0
Cartorhium,Changhsingian,0
Cassianella,Aegean,0
Cassianella,Pelsonian,1
Cassianella,Illyrian,1
Cassianoides,Changhsingian,0
Cassianospira,Pelsonian,0
Cathaysia,Changhsingian,1
Cathaysia,Griesbachian,0
Caucasites,Aegean,1
Caucasites,Bithynian,0
Caucasoproductus,Changhsingian,0
Caucasorhynchella,Pelsonian,0
Caucasorhynchia,Pelsonian,1
Caucasorhynchia,Illyrian,1
Ceccaceras,Illyrian,0
Ceccaisculitoides,Spathian,0
Celtites,Smithian,1
Celtites,Spathian,0
Celtites,Illyrian,1
Celtitidae,Illyrian,0
Ceratites,Smithian,1
Ceratites,Spathian,0
Ceratites,Pelsonian,1
Ceratites,Illyrian,1
Ceratitida,Griesbachian,1
Ceratitida,Dienerian,1
Ceratitida,Smithian,1
Ceratitida,Spathian,0
Ceratitida,Illyrian,1
Ceratitidae,Pelsonian,1
Ceratitidae,Illyrian,0
Ceraunocochlis,Changhsingian,0
Chaenomya,Changhsingian,0
Changhsingoceras,Changhsingian,0
Chaohochonetes,Changhsingian,0
Chaotianoceras,Changhsingian,0
Chartronella,Griesbachian,1
Chartronella,Dienerian,1
Chartronella,Smithian,1
Chartronella,Spathian,0
Cheilotomona,Pelsonian,0
Chenxianoproductus,Changhsingian,0
Chieseiceras,Illyrian,1
Chioceras,Spathian,0
Chiotites,Spathian,0
Chiratites,Pelsonian,0
Chivatschella,Changhsingian,0
Chlamys,Smithian,1
Chlamys,Spathian,0
Chlamys,Bithynian,0
Chonetella,Changhsingian,0
Chonetes,Changhsingian,1
Chonetes,Griesbachian,0
Chonetidae,Changhsingian,0
Chonetidina,Changhsingian,0
Chonetinella,Changhsingian,0
Chonetoidea,Changhsingian,0
Chonopectoides,Changhsingian,0
Choristitella,Changhsingian,0
Chuanyanella,Changhsingian,0
Chuluaria,Smithian,1
Chuluaria,Spathian,0
Churkites,Smithian,0
Cibecuia,Changhsingian,0
Cimidae,Pelsonian,0
Cinclidonema,Changhsingian,0
Cladiscitidae,Spathian,0
Cladiscitidae,Illyrian,0
Claraia,Changhsingian,1
Claraia,Griesbachian,1
Claraia,Dienerian,1
Claraia,Smithian,1
Claraia,Spathian,0
Claraia,Illyrian,1
Claraioides,Changhsingian,0
Clavicosta,Changhsingian,0
Cleidophorus,Changhsingian,0
Cleiothyridellina,Changhsingian,0
Cleiothyridina,Changhsingian,0
Clivotirolites,Changhsingian,0
Clypeoceras,Dienerian,1
Clypeoceras,Smithian,1
Clypeoceras,Spathian,0
Clypeoceratoides,Smithian,0
Clypites,Dienerian,1
Clypites,Smithian,0
Codinella,Illyrian,1
Coelopis,Pelsonian,0
Coelostylina,Changhsingian,1
Coelostylina,Griesbachian,1
Coelostylina,Dienerian,1
Coelostylina,Smithian,1
Coelostylina,Spathian,0
Coelostylina,Bithynian,1
Coelostylina,Pelsonian,0
Coelostylinidae,Pelsonian,0
Coenothyris,Pelsonian,1
Coenothyris,Illyrian,1
Coledium,Changhsingian,0
Collabrina,Changhsingian,0
Collemataria,Changhsingian,0
Collignonites,Dienerian,1
Collignonites,Smithian,0
Columbisculites,Aegean,0
Columbites,Spathian,0
Columboceras,Aegean,0
Comelicania,Changhsingian,0
Comelicothyris,Changhsingian,0
Composita,Changhsingian,0
Compressoproductus,Changhsingian,0
Comuquia,Changhsingian,0
Confusionella,Smithian,0
Constrigymnites,Pelsonian,0
Contraspina,Changhsingian,0
Coolkilella,Changhsingian,0
Corbula,Illyrian,0
Cordillerites,Griesbachian,0
Cordillerites,Smithian,1
Cordillerites,Spathian,0
Coronopsis,Changhsingian,0
Coscaites,Spathian,0
Cossmannina,Griesbachian,0
Costatoria,Changhsingian,1
Costatoria,Griesbachian,1
Costatoria,Dienerian,1
Costatoria,Smithian,1
Costatoria,Spathian,1
Costatoria,Aegean,0
Costatoria,Pelsonian,1
Costatoria,Illyrian,1
Costatumulus,Changhsingian,0
Costiferina,Changhsingian,0
Costigymnites,Bithynian,0
Costirhynchopsis,Aegean,1
Costirhynchopsis,Bithynian,1
Costirhynchopsis,Pelsonian,1
Costirhynchopsis,Illyrian,1
Costispinifera,Changhsingian,0
Costispiniferini,Changhsingian,0
Costispiriferina,Pelsonian,0
Costisteges,Changhsingian,0
Courtilloticeras,Spathian,0
Cowboyiceras,Spathian,0
Crassispirifer,Changhsingian,0
Crenipecten,Changhsingian,0
Crenispirifer,Changhsingian,0
Cristaflabellum,Bithynian,0
Crittendenia,Griesbachian,1
Crittendenia,Dienerian,1
Crittendenia,Smithian,1
Crittendenia,Spathian,0
Crittendenia,Pelsonian,0
Cruricella,Changhsingian,0
Crurithyris,Changhsingian,1
Crurithyris,Griesbachian,1
Crurithyris,Dienerian,0
Cryptacanthia,Changhsingian,0
Cryptonerita,Pelsonian,0
Cuccoceras,Bithynian,1
Cuccoceras,Pelsonian,0
Cultriopsis,Bithynian,0
Curionia,Pelsonian,0
Cyclobathmus,Spathian,0
Cyclolobus,Changhsingian,0
Cylindritopsis,Changhsingian,0
Cylindrobullina,Smithian,0
Cyrolexis,Changhsingian,0
Cyrtina,Pelsonian,0
Cyrtorostra,Changhsingian,0
Czekanowskites,Smithian,1
Czekanowskites,Spathian,1
Czekanowskites,Aegean,1
Czekanowskites,Bithynian,1
Czekanowskites,Pelsonian,0
Dacromya,Changhsingian,1
Dacromya,Griesbachian,0
Dacromya,Spathian,0
Dacryomya,Griesbachian,0
Dacryomya,Spathian,1
Dacryomya,Aegean,1
Dacryomya,Bithynian,0
Dacryomya,Illyrian,1
Dagnoceras,Smithian,1
Dagnoceras,Spathian,0
Dagyssia,Pelsonian,0
Dalmatites,Smithian,1
Dalmatites,Spathian,0
Damesiella,Pelsonian,0
Danubites,Griesbachian,0
Danubites,Smithian,0
Danubites,Aegean,1
Danubites,Bithynian,1
Danubites,Pelsonian,1
Danubites,Illyrian,1
Daonella,Smithian,1
Daonella,Spathian,1
Daonella,Aegean,1
Daonella,Bithynian,1
Daonella,Pelsonian,1
Daonella,Illyrian,1
Dareithyris,Bithynian,0
Dasysaria,Changhsingian,0
Daubichites,Changhsingian,0
Decurtella,Pelsonian,1
Decurtella,Illyrian,1
Delphinulopsis,Pelsonian,0
Deltopecten,Changhsingian,0
Deltopectininae,Changhsingian,0
Demonedys,Changhsingian,0
Derbyella,Changhsingian,0
Derbyia,Changhsingian,1
Derbyia,Griesbachian,0
Detoniceras,Illyrian,1
Deweveria,Spathian,0
Dicellonema,Griesbachian,1
Dicellonema,Dienerian,0
Dicellonema,Bithynian,0
Dicosmos,Pelsonian,0
Dictyoclostinae,Changhsingian,0
Dictyoclostus,Changhsingian,0
Dictyotomaria,Changhsingian,0
Dictyotomaria,Pelsonian,0
Dielasma,Changhsingian,0
Dielasmatidae,Changhsingian,0
Dielasmatoidea,Changhsingian,0
Dieneroceras,Changhsingian,0
Dieneroceras,Dienerian,1
Dieneroceras,Smithian,1
Dieneroceras,Spathian,0
Diholkorhynchia,Aegean,0
Diholkorhynchia,Pelsonian,0
Dimorphoconcha,Spathian,0
Dimorphotomaria,Bithynian,0
Dimorphotomaria,Illyrian,0
Dinarispira,Bithynian,1
Dinarispira,Pelsonian,1
Dinarispira,Illyrian,1
Dinarites,Dienerian,1
Dinarites,Smithian,1
Dinarites,Spathian,0
Dioristella,Spathian,0
Diplochilus,Spathian,0
Discina,Griesbachian,0
Discina,Pelsonian,0
Discinisca,Spathian,0
Discinisca,Pelsonian,0
Discoceratites,Illyrian,1
Discogymnites,Aegean,0
Discohelicidae,Pelsonian,0
Discohelix,Pelsonian,0
Discophiceras,Griesbachian,0
Discoproptychites,Smithian,0
Discoptychites,Aegean,1
Discoptychites,Bithynian,1
Discoptychites,Pelsonian,1
Discoptychites,Illyrian,1
Dixieceras,Illyrian,0
Dolponella,Changhsingian,0
Donaldina,Changhsingian,1
Donaldina,Griesbachian,0
Donaldina,Spathian,0
Donaldospira,Changhsingian,0
Dorikranites,Spathian,0
Dunbarella,Changhsingian,0
Dunedinites,Griesbachian,1
Dunedinites,Dienerian,1
Dunedinites,Smithian,0
Dushanoceras,Changhsingian,0
Dyasmya,Changhsingian,0
Dystactella,Changhsingian,0
Dzhulfites,Changhsingian,0
Dzhulfitidae,Changhsingian,0
Dzhulfoceras,Changhsingian,0
Echinalosia,Changhsingian,0
Echinauriella,Changhsingian,0
Echinauris,Changhsingian,0
Edmondia,Changhsingian,0
Edriosteges,Changhsingian,0
Elegantarca,Pelsonian,0
Elegantinia,Smithian,1
Elegantinia,Spathian,0
Elegantinia,Bithynian,1
Elegantinia,Pelsonian,0
Elimata,Changhsingian,0
Eliva,Changhsingian,0
Elivina,Changhsingian,0
Ellesmerella,Smithian,1
Ellesmerella,Spathian,0
Emeithyris,Illyrian,0
Enantiostreon,Changhsingian,1
Enantiostreon,Griesbachian,0
Enantiostreon,Bithynian,1
Enantiostreon,Pelsonian,1
Enantiostreon,Illyrian,1
Ensipteria,Changhsingian,0
Enteletella,Changhsingian,0
Enteletes,Changhsingian,0
Enteletina,Changhsingian,0
Enteropleura,Pelsonian,1
Enteropleura,Illyrian,1
Entoliidae,Changhsingian,1
Entoliidae,Griesbachian,1
Entoliidae,Dienerian,0
Entolioides,Dienerian,1
Entolioides,Smithian,1
Entolioides,Spathian,0
Entolioides,Bithynian,0
Entolium,Changhsingian,1
Entolium,Griesbachian,1
Entolium,Dienerian,1
Entolium,Smithian,1
Entolium,Spathian,1
Entolium,Aegean,1
Entolium,Bithynian,1
Entolium,Pelsonian,1
Entolium,Illyrian,1
Eoacrochordiceras,Spathian,0
Eoastarte,Changhsingian,0
Eobuchia,Spathian,0
Eodanubites,Spathian,0
Eofrechites,Illyrian,0
Eographis,Dienerian,0
Eogymnites,Spathian,1
Eogymnites,Aegean,0
Eogymnotoceras,Bithynian,1
Eogymnotoceras,Pelsonian,1
Eogymnotoceras,Illyrian,1
Eolaballa,Changhsingian,0
Eolyttonia,Changhsingian,0
Eomarginifera,Changhsingian,0
Eophilobryoidella,Pelsonian,0
Eophyllites,Smithian,1
Eophyllites,Spathian,1
Eophyllites,Aegean,0
Eoprotrachyceras,Illyrian,1
Eoptychites,Smithian,1
Eoptychites,Spathian,0
Eosinocerithium,Changhsingian,0
Eotomariidae,Changhsingian,0
Epiboreoceras,Spathian,0
Epiceltites,Spathian,0
Epiceltitoides,Spathian,0
Epiclaraia,Spathian,0
Epigymnites,Pelsonian,1
Epigymnites,Illyrian,1
Epikellnerites,Illyrian,0
Episageceras,Changhsingian,1
Episageceras,Griesbachian,1
Episageceras,Dienerian,1
Episageceras,Smithian,0
Erismatina,Changhsingian,0
Erwinispira,Changhsingian,0
Escarguelites,Smithian,0
Eschericeratites,Spathian,0
Esfahanites,Changhsingian,0
Esinoceras,Illyrian,0
Etheripecten,Changhsingian,1
Etheripecten,Griesbachian,0
Eucharis,Changhsingian,0
Euchondria,Changhsingian,0
Euchrysalis,Illyrian,0
Eucochlis,Griesbachian,0
Eucycloscala,Pelsonian,0
Eudiscoceras,Illyrian,0
Euflemingites,Smithian,1
Euflemingites,Spathian,0
Eukashmirites,Smithian,1
Eukashmirites,Spathian,0
Eumedlicottia,Changhsingian,0
Eumorphotis,Changhsingian,1
Eumorphotis,Griesbachian,1
Eumorphotis,Dienerian,1
Eumorphotis,Smithian,1
Eumorphotis,Spathian,0
Eumorphotis,Illyrian,1
Eunemopsis,Changhsingian,0
Euomphalus,Changhsingian,0
Euomphalus,Spathian,0
Euomphalus,Pelsonian,0
Euphemites,Changhsingian,0
Euphemitinae,Changhsingian,0
Euphemus,Changhsingian,0
Euryalox,Bithynian,0
Euthystylus,Changhsingian,0
Eutomoceras,Bithynian,0
Eutomoceras,Illyrian,1
Euzone,Pelsonian,0
Evenia,Changhsingian,0
Evenites,Spathian,0
Extendilabrum,Changhsingian,0
Falafer,Changhsingian,0
Falcimytilus,Illyrian,1
Falsanolcites,Illyrian,1
Fasciculiconcha,Changhsingian,0
Favreticeras,Pelsonian,0
Fengshanites,Spathian,0
Fiacconella,Illyrian,0
Fiemmespira,Pelsonian,1
Fiemmespira,Illyrian,1
Flemingites,Griesbachian,1
Flemingites,Dienerian,1
Flemingites,Smithian,1
Flemingites,Spathian,0
Flemingitidae,Smithian,0
Flexoptychites,Pelsonian,1
Flexoptychites,Illyrian,1
Fossariopsis,Pelsonian,0
Fostericoncha,Changhsingian,0
Frechites,Pelsonian,1
Frechites,Illyrian,1
Frechitoides,Illyrian,1
Fredericksolasma,Changhsingian,0
Frederikella,Illyrian,0
Fusichonetes,Changhsingian,1
Fusichonetes,Griesbachian,0
Fusiproductus,Changhsingian,0
Fusispirifer,Changhsingian,0
Galfettites,Smithian,0
Galfettitidae,Smithian,0
Gardenapecten,Changhsingian,0
Gastropoda,Changhsingian,1
Gastropoda,Griesbachian,1
Gastropoda,Dienerian,1
Gastropoda,Smithian,1
Gastropoda,Spathian,1
Gastropoda,Aegean,1
Gastropoda,Bithynian,1
Gastropoda,Pelsonian,1
Gastropoda,Illyrian,1
Gaudemerites,Spathian,0
Gefonia,Changhsingian,0
Gerassimovia,Changhsingian,0
Gervillaria,Smithian,0
Gervillaria,Bithynian,1
Gervillaria,Pelsonian,1
Gervillaria,Illyrian,1
Gervilleia,Griesbachian,0
Gervilleia,Pelsonian,1
Gervilleia,Illyrian,1
Gervillella,Smithian,1
Gervillella,Spathian,0
Gervillia,Changhsingian,1
Gervillia,Griesbachian,0
Gervillia,Spathian,1
Gervillia,Aegean,0
Gervillia,Pelsonian,1
Gervillia,Illyrian,1
Gevanites,Illyrian,0
Geyerella,Changhsingian,0
Ghazalaites,Dienerian,0
Ginsburgites,Bithynian,0
Girtyella,Changhsingian,0
Girtypecten,Changhsingian,0
Girtyspira,Changhsingian,0
Gjelispinifera,Changhsingian,0
Glabercolumbites,Spathian,0
Glabrichonetina,Changhsingian,0
Glabrocingulum,Changhsingian,1
Glabrocingulum,Griesbachian,0
Glabrocingulum,Pelsonian,0
Globacrochordiceras,Spathian,0
Globodiscus,Bithynian,0
Glottidia,Aegean,0
Glyptophiceras,Griesbachian,0
Glyptophiceras,Smithian,1
Glyptophiceras,Spathian,0
Glyptorhynchia,Changhsingian,0
Glyptospira,Changhsingian,0
Glyptosteges,Changhsingian,0
Goleomixa,Changhsingian,0
Goniarina,Changhsingian,0
Goniasma,Changhsingian,0
Goricanites,Spathian,0
Goudemandites,Smithian,1
Goudemandites,Spathian,0
Grambergia,Aegean,0
Grammatodon,Changhsingian,0
Gresslya,Illyrian,1
Groenlandites,Aegean,0
Gruntallina,Changhsingian,0
Gruntea,Changhsingian,0
Guangia,Changhsingian,0
Guangxiceltites,Smithian,0
Guangxiceras,Smithian,0
Gubleria,Changhsingian,0
Guexites,Pelsonian,0
Guichiella,Changhsingian,1
Guichiella,Griesbachian,0
Guichiella,Smithian,0
Guizhoumyophoria,Pelsonian,0
Guizhoupecten,Changhsingian,0
Guizhouspira,Changhsingian,0
Guizhouspira,Spathian,0
Gujocardita,Changhsingian,0
Gundarolasmina,Changhsingian,0
Guodunites,Smithian,0
Gurleyites,Smithian,1
Gurleyites,Spathian,0
Gymnites,Aegean,1
Gymnites,Bithynian,1
Gymnites,Pelsonian,1
Gymnites,Illyrian,1
Gymnotoceras,Spathian,1
Gymnotoceras,Aegean,1
Gymnotoceras,Bithynian,1
Gymnotoceras,Pelsonian,1
Gymnotoceras,Illyrian,1
Gyronites,Griesbachian,1
Gyronites,Dienerian,1
Gyronites,Smithian,1
Gyronites,Spathian,0
Gyronitidae,Griesbachian,1
Gyronitidae,Dienerian,1
Gyronitidae,Smithian,1
Gyronitidae,Spathian,0
Gyrophiceras,Griesbachian,1
Gyrophiceras,Dienerian,1
Gyrophiceras,Smithian,0
Halilucites,Illyrian,1
Hanielites,Smithian,0
Hayasakapecten,Changhsingian,0
Haydenella,Changhsingian,1
Haydenella,Griesbachian,0
Haydenoides,Changhsingian,0
Hebeisenites,Dienerian,1
Hebeisenites,Smithian,0
Hedenstroemia,Smithian,0
Hedenstroemiidae,Smithian,1
Hedenstroemiidae,Spathian,0
Heibergites,Dienerian,0
Hellenites,Spathian,0
Hemilecanites,Smithian,1
Hemilecanites,Spathian,1
Hemilecanites,Aegean,0
Heminajas,Spathian,0
Heminajas,Bithynian,0
Hemiprionites,Smithian,1
Hemiprionites,Spathian,0
Hemiptychina,Changhsingian,0
Hermannites,Smithian,0
Heshanietta,Changhsingian,0
Heteralosia,Changhsingian,0
Heterelasma,Changhsingian,0
Heterelasma,Spathian,0
Heterelasmina,Changhsingian,0
Heteroconchia,Changhsingian,0
Heteropecten,Changhsingian,1
Heteropecten,Griesbachian,0
Hirsutella,Spathian,1
Hirsutella,Aegean,0
Hirsutella,Pelsonian,0
Hochuliites,Smithian,0
Hoernesia,Griesbachian,0
Hoernesia,Spathian,1
Hoernesia,Aegean,1
Hoernesia,Bithynian,1
Hoernesia,Pelsonian,1
Hoernesia,Illyrian,1
Holcorhynchella,Bithynian,1
Holcorhynchella,Pelsonian,1
Holcorhynchella,Illyrian,1
Hollandites,Aegean,1
Hollandites,Bithynian,1
Hollandites,Pelsonian,1
Hollandites,Illyrian,1
Hologyra,Pelsonian,0
Holopea,Changhsingian,0
Holopella,Changhsingian,1
Holopella,Griesbachian,0
Homoeorhynchia,Pelsonian,0
Homomya,Dienerian,0
Homomya,Spathian,1
Homomya,Aegean,0
Homomya,Illyrian,1
Horridonia,Changhsingian,0
Hoskingia,Changhsingian,0
Huananoceras,Changhsingian,0
Huatangia,Changhsingian,0
Hubeitoceras,Griesbachian,1
Hubeitoceras,Dienerian,0
Huishuites,Aegean,0
Humboldtites,Illyrian,0
Hunanopecten,Changhsingian,0
Hungarites,Illyrian,1
Hungaritidae,Illyrian,0
Hustedia,Changhsingian,0
Hustedtiella,Smithian,1
Hustedtiella,Spathian,0
Hybostenoscisma,Changhsingian,0
Hyparpadites,Illyrian,0
Hyphantozyga,Changhsingian,0
Hypophiceras,Changhsingian,1
Hypophiceras,Griesbachian,0
Ianthinopsis,Changhsingian,0
Idahocolumbites,Spathian,0
Incisius,Changhsingian,0
Indigirophyllites,Aegean,0
Indigirophyllites,Illyrian,1
Intomodesma,Changhsingian,0
Intornites,Bithynian,1
Intornites,Pelsonian,1
Intornites,Illyrian,1
Inyoceras,Smithian,1
Inyoceras,Spathian,0
Inyoites,Smithian,0
Inyoitidae,Smithian,0
Iranites,Changhsingian,0
Isculites,Aegean,1
Isculites,Bithynian,1
Isculites,Pelsonian,0
Isculitoides,Spathian,0
Ismidites,Bithynian,1
Ismidites,Pelsonian,0
Isocrania,Spathian,0
Isognomon,Changhsingian,0
Janaija,Illyrian,1
Janeia,Changhsingian,0
Janiceps,Changhsingian,0
Janopecten,Illyrian,1
Japonites,Spathian,1
Japonites,Aegean,1
Japonites,Bithynian,0
Japonites,Illyrian,1
Jeanbesseiceras,Smithian,1
Jeanbesseiceras,Spathian,0
Jenksites,Pelsonian,1
Jenksites,Illyrian,0
Jieshaniceras,Griesbachian,1
Jieshaniceras,Dienerian,0
Jinyaceras,Smithian,1
Jinyaceras,Spathian,0
Joannina,Bithynian,1
Joannina,Pelsonian,0
Joannites,Illyrian,1
Judicarites,Changhsingian,0
Judicarites,Bithynian,1
Judicarites,Pelsonian,1
Judicarites,Illyrian,1
Julfotirolites,Changhsingian,0
Julfotoceras,Changhsingian,0
Juresania,Changhsingian,0
Juvenites,Dienerian,1
Juvenites,Smithian,1
Juvenites,Spathian,0
Juxathyris,Changhsingian,1
Juxathyris,Griesbachian,0
Kalenteridae,Changhsingian,0
Kamenushkaites,Smithian,1
Kamenushkaites,Spathian,0
Karangatites,Spathian,1
Karangatites,Aegean,0
Kashmirites,Changhsingian,0
Kashmirites,Dienerian,1
Kashmirites,Smithian,1
Kashmirites,Spathian,0
Kashmiritidae,Smithian,0
Kazakhstanites,Smithian,1
Kazakhstanites,Spathian,1
Kazakhstanites,Aegean,0
Kellnerites,Pelsonian,1
Kellnerites,Illyrian,1
Kelteroceras,Smithian,0
Keyserlingina,Changhsingian,0
Keyserlingites,Smithian,1
Keyserlingites,Spathian,0
Keyserlingitidae,Spathian,0
Khvalynites,Spathian,0
Kiangsiella,Changhsingian,0
Kingites,Dienerian,1
Kingites,Smithian,0
Kiparisovites,Spathian,0
Kittliconcha,Pelsonian,0
Kocaelia,Aegean,1
Kocaelia,Bithynian,0
Kochiproductus,Changhsingian,0
Koeveskallina,Aegean,1
Koeveskallina,Bithynian,1
Koeveskallina,Pelsonian,1
Koeveskallina,Illyrian,1
Koiloceras,Dienerian,1
Koiloceras,Smithian,0
Koipatoceras,Bithynian,1
Koipatoceras,Pelsonian,0
Kokenospira,Changhsingian,0
Konglingites,Changhsingian,0
Koninckites,Griesbachian,1
Koninckites,Dienerian,1
Koninckites,Smithian,1
Koninckites,Spathian,0
Koninckitoides,Spathian,0
Kotlaia,Changhsingian,1
Kotlaia,Griesbachian,0
Kraffticeras,Smithian,0
Krotovia,Griesbachian,0
Kummelia,Dienerian,0
Kymatites,Griesbachian,1
Kymatites,Dienerian,0
Kyoktites,Griesbachian,1
Kyoktites,Dienerian,0
Labaella,Changhsingian,0
Labaia,Changhsingian,0
Laboceras,Aegean,1
Laboceras,Bithynian,0
Ladinaticella,Smithian,0
Ladinaticella,Bithynian,1
Ladinaticella,Pelsonian,0
Ladinomya,Changhsingian,0
Ladoliplica,Changhsingian,0
Laevorhynchia,Griesbachian,0
Laibinoceras,Changhsingian,0
Lamnimargus,Changhsingian,1
Lamnimargus,Griesbachian,0
Lampangella,Changhsingian,1
Lampangella,Griesbachian,0
Lanceolites,Smithian,0
Lanceolitidae,Smithian,0
Lanceoptychites,Illyrian,1
Langsonella,Pelsonian,0
Lapteviella,Aegean,0
Lapteviella,Illyrian,1
Lardaroceras,Illyrian,1
Larenites,Dienerian,1
Larenites,Smithian,0
Latemarites,Illyrian,0
Laterispina,Changhsingian,0
Latisageceras,Dienerian,1
Latisageceras,Smithian,0
Laubopsis,Smithian,0
Laxella,Changhsingian,1
Laxella,Griesbachian,0
Lazarevonia,Changhsingian,0
Lecanites,Smithian,1
Lecanites,Spathian,0
Lecanites,Illyrian,0
Leda,Illyrian,1
Leiolepismatina,Pelsonian,0
Leiophyllites,Spathian,1
Leiophyllites,Aegean,1
Leiophyllites,Bithynian,1
Leiophyllites,Pelsonian,1
Leiophyllites,Illyrian,1
Lenotropites,Spathian,1
Lenotropites,Aegean,0
Lepidospirifer,Changhsingian,0
Lepiskites,Smithian,0
Lepismatina,Griesbachian,0
Lepismatina,Smithian,1
Lepismatina,Spathian,1
Lepismatina,Aegean,1
Lepismatina,Bithynian,1
Lepismatina,Pelsonian,1
Lepismatina,Illyrian,1
Leptochondria,Changhsingian,1
Leptochondria,Griesbachian,1
Leptochondria,Dienerian,1
Leptochondria,Smithian,1
Leptochondria,Spathian,1
Leptochondria,Aegean,1
Leptochondria,Bithynian,1
Leptochondria,Pelsonian,1
Leptochondria,Illyrian,1
Leptodesma,Changhsingian,0
Leptodus,Changhsingian,0
Leptomphalus,Changhsingian,0
Leptoptygma,Changhsingian,0
Lethamia,Changhsingian,0
Levizygopleura,Changhsingian,0
Leyeceras,Smithian,0
Lialosia,Changhsingian,0
Liaous,Bithynian,0
Licharewiconcha,Changhsingian,0
Licharewiella,Changhsingian,0
Licharewiidae,Changhsingian,0
Licharewina,Changhsingian,0
Lichuanorelloides,Griesbachian,1
Lichuanorelloides,Dienerian,0
Liebea,Changhsingian,0
Lima,Bithynian,0
Lima,Illyrian,1
Limidae,Changhsingian,0
Limipecten,Changhsingian,0
Lingula,Changhsingian,1
Lingula,Griesbachian,1
Lingula,Dienerian,1
Lingula,Smithian,1
Lingula,Spathian,0
Lingula,Illyrian,1
Lingularia,Changhsingian,1
Lingularia,Griesbachian,1
Lingularia,Dienerian,1
Lingularia,Smithian,1
Lingularia,Spathian,1
Lingularia,Aegean,0
Lingularia,Pelsonian,1
Lingularia,Illyrian,1
Lingulida,Griesbachian,0
Lingulidae,Changhsingian,1
Lingulidae,Griesbachian,0
Lingulidae,Aegean,0
Lingyunites,Dienerian,1
Lingyunites,Smithian,0
Linoproductoidea,Changhsingian,0
Linoproductus,Changhsingian,1
Linoproductus,Griesbachian,0
Liosotella,Changhsingian,0
Liraplecta,Changhsingian,0
Lissochonetes,Changhsingian,1
Lissochonetes,Griesbachian,0
Lissorhynchia,Changhsingian,1
Lissorhynchia,Griesbachian,1
Lissorhynchia,Dienerian,1
Lissorhynchia,Smithian,0
Lissorhynchia,Pelsonian,1
Lissorhynchia,Illyrian,1
Lithodomina,Changhsingian,0
Lithodomus,Changhsingian,0
Lithophaga,Changhsingian,0
Liuchengoceras,Changhsingian,0
Longmenshanoceras,Changhsingian,0
Longobardites,Pelsonian,1
Longobardites,Illyrian,1
Longobarditoides,Aegean,1
Longobarditoides,Bithynian,0
Lopha,Changhsingian,0
Lopha,Pelsonian,0
Loripes,Changhsingian,0
Lovaralucina,Changhsingian,0
Loxonema,Changhsingian,1
Loxonema,Griesbachian,1
Loxonema,Dienerian,0
Loxonema,Aegean,0
Loxonema,Pelsonian,0
Loxophragmus,Changhsingian,0
Lucasites,Smithian,0
Lucina,Changhsingian,0
Lunoglossa,Changhsingian,0
Luoguella,Changhsingian,0
Luoguispira,Changhsingian,0
Lutites,Changhsingian,0
Lyroschizodus,Changhsingian,0
Lytophiceras,Griesbachian,1
Lytophiceras,Dienerian,0
Lyttoniidae,Changhsingian,0
Macrodon,Illyrian,1
Macrodontella,Illyrian,0
Madoia,Aegean,0
Magniplicatina,Changhsingian,0
Maitaia,Changhsingian,1
Maitaia,Griesbachian,1
Maitaia,Dienerian,1
Maitaia,Smithian,0
Malletia,Changhsingian,0
Malletia,Illyrian,1
Malletiidae,Griesbachian,0
Malletoptychites,Bithynian,0
Manzanospira,Changhsingian,0
Maorielasma,Changhsingian,0
Marcouxia,Spathian,0
Marcouxites,Illyrian,1
Marginalosia,Changhsingian,0
Marginifera,Changhsingian,0
Marginiferidae,Changhsingian,0
Marginiferoidea,Changhsingian,0
Marinurnula,Changhsingian,0
Marmolatella,Bithynian,1
Marmolatella,Pelsonian,0
Martinia,Changhsingian,1
Martinia,Griesbachian,0
Martiniopsis,Changhsingian,0
Medlicottiidae,Changhsingian,0
Meekella,Changhsingian,0
Meekellidae,Changhsingian,0
Meekellogeyerella,Changhsingian,0
Meekoceras,Griesbachian,1
Meekoceras,Dienerian,1
Meekoceras,Smithian,1
Meekoceras,Spathian,0
Meekoceratidae,Smithian,0
Meekophiceras,Griesbachian,1
Meekophiceras,Dienerian,0
Meekospira,Changhsingian,0
Megaceratites,Pelsonian,1
Megaceratites,Illyrian,1
Megadesmus,Changhsingian,0
Megadesmus,Spathian,0
Megalodon,Bithynian,0
Megaphyllites,Spathian,1
Megaphyllites,Aegean,1
Megaphyllites,Bithynian,1
Megaphyllites,Pelsonian,1
Megaphyllites,Illyrian,1
Megasteges,Changhsingian,0
Megousia,Changhsingian,0
Meishanorhynchia,Griesbachian,0
Meitianoceras,Changhsingian,0
Melagathiceras,Smithian,0
Melagathiceratidae,Smithian,0
Meleagrinella,Smithian,1
Meleagrinella,Spathian,1
Meleagrinella,Aegean,0
Meleagrinella,Illyrian,1
Menetus,Spathian,0
Mentzelia,Spathian,1
Mentzelia,Aegean,1
Mentzelia,Bithynian,1
Mentzelia,Pelsonian,1
Mentzelia,Illyrian,1
Merismopteria,Changhsingian,0
Meropella,Spathian,0
Mesocladiscites,Bithynian,0
Mesohedenstroemia,Dienerian,1
Mesohedenstroemia,Smithian,0
Metadagnoceras,Spathian,1
Metadagnoceras,Aegean,0
Metadinarites,Illyrian,0
Metahedenstroemia,Spathian,0
Metinyoites,Smithian,0
Metophiceras,Changhsingian,1
Metophiceras,Griesbachian,1
Metophiceras,Dienerian,0
Metophiceras,Spathian,0
Metussuria,Smithian,0
Mianwaliites,Smithian,0
Microlampra,Changhsingian,0
Micromartinia,Changhsingian,0
Mimaria,Changhsingian,0
Minersvillites,Smithian,0
Mingyuexiaceras,Changhsingian,0
Minutomarginifera,Changhsingian,0
Mirochiliticus,Changhsingian,0
Modiola,Illyrian,1
Modiolus,Changhsingian,1
Modiolus,Griesbachian,1
Modiolus,Dienerian,1
Modiolus,Smithian,1
Modiolus,Spathian,1
Modiolus,Aegean,1
Modiolus,Bithynian,1
Modiolus,Pelsonian,0
Modiomorpha,Bithynian,0
Moenaspira,Illyrian,0
Mogulia,Changhsingian,0
Mojsvarites,Illyrian,0
Monacanthites,Spathian,0
Monneticeras,Smithian,0
Monophyllites,Smithian,0
Monophyllites,Aegean,1
Monophyllites,Bithynian,1
Monophyllites,Pelsonian,1
Monophyllites,Illyrian,1
Monotidae,Bithynian,0
Monotis,Spathian,0
Monotis,Illyrian,0
Monticulifera,Changhsingian,0
Mullericeras,Griesbachian,1
Mullericeras,Dienerian,0
Mullericeratidae,Griesbachian,0
Murchisonia,Changhsingian,0
Murchisonia,Spathian,0
Murchisonia,Pelsonian,0
Murchisoniidae,Changhsingian,0
Murchisoniidae,Pelsonian,0
Myacites,Pelsonian,0
Myalina,Changhsingian,1
Myalina,Griesbachian,1
Myalina,Dienerian,1
Myalina,Smithian,1
Myalina,Spathian,0
Myalina,Pelsonian,1
Myalina,Illyrian,1
Myalinella,Changhsingian,1
Myalinella,Griesbachian,1
Myalinella,Dienerian,1
Myalinella,Smithian,0
Myalinidae,Changhsingian,1
Myalinidae,Griesbachian,0
Myalinidae,Spathian,0
Myoconcha,Griesbachian,1
Myoconcha,Dienerian,0
Myoconcha,Spathian,0
Myoconcha,Bithynian,0
Myoconcha,Illyrian,1
Myonia,Changhsingian,0
Myophoria,Changhsingian,1
Myophoria,Griesbachian,1
Myophoria,Dienerian,1
Myophoria,Smithian,1
Myophoria,Spathian,1
Myophoria,Aegean,0
Myophoria,Pelsonian,1
Myophoria,Illyrian,1
Mysidiella,Illyrian,1
Mysidioptera,Bithynian,1
Mysidioptera,Pelsonian,1
Mysidioptera,Illyrian,1
Mytiliconcha,Bithynian,0
Mytilidae,Changhsingian,0
Mytilus,Griesbachian,0
Mytilus,Smithian,1
Mytilus,Spathian,1
Mytilus,Aegean,1
Mytilus,Bithynian,1
Mytilus,Pelsonian,0
Nakimusiella,Changhsingian,0
Nammalites,Smithian,1
Nammalites,Spathian,0
Nanningites,Dienerian,1
Nanningites,Smithian,0
Nannites,Smithian,0
Natica,Changhsingian,0
Naticasinus,Changhsingian,0
Naticopsis,Changhsingian,1
Naticopsis,Griesbachian,0
Naticopsis,Smithian,1
Naticopsis,Spathian,1
Naticopsis,Aegean,1
Naticopsis,Bithynian,1
Naticopsis,Pelsonian,0
Natiria,Smithian,1
Natiria,Spathian,1
Natiria,Aegean,0
Natiria,Illyrian,1
Neilsonia,Changhsingian,0
Neoaganides,Changhsingian,0
Neochonetes,Changhsingian,1
Neochonetes,Griesbachian,0
Neocladiscites,Illyrian,0
Neocolumbites,Spathian,0
Neocrimites,Changhsingian,0
Neocyrtina,Pelsonian,0
Neogeoceras,Changhsingian,0
Neoglassoceras,Changhsingian,0
Neomorphotis,Griesbachian,0
Neomorphotis,Smithian,1
Neomorphotis,Spathian,0
Neomorphotis,Bithynian,1
Neomorphotis,Pelsonian,0
Neoplicatifera,Changhsingian,0
Neopopanoceras,Changhsingian,0
Neopopanoceras,Spathian,0
Neopsilocamara,Changhsingian,0
Neoretzia,Spathian,0
Neorichthofenia,Changhsingian,0
Neoschizodus,Changhsingian,1
Neoschizodus,Griesbachian,1
Neoschizodus,Dienerian,1
Neoschizodus,Smithian,1
Neoschizodus,Spathian,1
Neoschizodus,Aegean,1
Neoschizodus,Bithynian,1
Neoschizodus,Pelsonian,1
Neoschizodus,Illyrian,1
Neospirifer,Changhsingian,0
Neowellerella,Changhsingian,1
Neowellerella,Griesbachian,0
Neritaria,Griesbachian,0
Neritaria,Smithian,1
Neritaria,Spathian,0
Neritaria,Pelsonian,0
Netschajewia,Changhsingian,0
Nevadisculites,Bithynian,1
Nevadisculites,Pelsonian,0
Nevadites,Illyrian,1
Newaagia,Pelsonian,1
Newaagia,Illyrian,1
Nicholsites,Bithynian,1
Nicholsites,Pelsonian,0
Nicomedites,Aegean,1
Nicomedites,Bithynian,1
Nicomedites,Pelsonian,0
Nikitinia,Changhsingian,0
Ninglangella,Changhsingian,0
Nisalarinia,Changhsingian,0
Nodihungarites,Illyrian,0
Nodocingulum,Illyrian,0
Noetlingites,Pelsonian,0
Nordophiceras,Smithian,1
Nordophiceras,Spathian,0
Nordophiceratoides,Spathian,0
Norella,Spathian,1
Norella,Aegean,1
Norella,Bithynian,1
Norella,Pelsonian,1
Norella,Illyrian,1
Norites,Aegean,1
Norites,Bithynian,1
Norites,Pelsonian,1
Norites,Illyrian,1
Notospirifer,Changhsingian,0
Notothyrina,Changhsingian,0
Notothyris,Changhsingian,1
Notothyris,Griesbachian,0
Nucinella,Griesbachian,0
Nucleusorhynchia,Aegean,0
Nucula,Griesbachian,0
Nucula,Spathian,0
Nucula,Illyrian,1
Nuculana,Smithian,1
Nuculana,Spathian,0
Nuculana,Illyrian,1
Nuculanella,Changhsingian,0
Nuculavus,Changhsingian,0
Nuculida,Changhsingian,0
Nuculida,Smithian,0
Nuculidae,Changhsingian,0
Nuculites,Changhsingian,0
Nuculoma,Illyrian,0
Nuculopsis,Changhsingian,1
Nuculopsis,Griesbachian,0
Nudirostralina,Griesbachian,0
Nudirostralina,Smithian,1
Nudirostralina,Spathian,1
Nudirostralina,Aegean,0
Nudirostralina,Pelsonian,1
Nudirostralina,Illyrian,1
Nudispiriferina,Pelsonian,0
Nuetzelia,Smithian,0
Nyalamites,Smithian,0
Obnixia,Smithian,1
Obnixia,Spathian,0
Ochotochlamys,Bithynian,0
Ochotomya,Griesbachian,0
Ogbinia,Changhsingian,0
Oldhamina,Changhsingian,0
Olenekoceras,Spathian,0
Olenikites,Dienerian,0
Olenikites,Spathian,0
Omanilasma,Changhsingian,0
Omanites,Smithian,0
Ombonia,Changhsingian,0
Omphaloptycha,Griesbachian,1
Omphaloptycha,Dienerian,1
Omphaloptycha,Smithian,0
Omphaloptycha,Aegean,1
Omphaloptycha,Bithynian,1
Omphaloptycha,Pelsonian,1
Omphaloptycha,Illyrian,1
Omphaloptychia,Smithian,1
Omphaloptychia,Spathian,0
Omphaloptychia,Pelsonian,0
Ophiceras,Changhsingian,1
Ophiceras,Griesbachian,1
Ophiceras,Dienerian,1
Ophiceras,Smithian,0
Ophiceratidae,Griesbachian,1
Ophiceratidae,Dienerian,0
Ophimullericeras,Griesbachian,0
Opinae,Pelsonian,0
Orbicoelia,Changhsingian,1
Orbicoelia,Griesbachian,0
Orbiculoidea,Changhsingian,1
Orbiculoidea,Griesbachian,0
Orbiculoidea,Smithian,1
Orbiculoidea,Spathian,0
Oriocrassatella,Changhsingian,0
Ornithopecten,Changhsingian,1
Ornithopecten,Griesbachian,0
Ornithopecten,Smithian,0
Ornithopecten,Bithynian,1
Ornithopecten,Pelsonian,1
Ornithopecten,Illyrian,1
Ortarhynchia,Spathian,1
Ortarhynchia,Aegean,1
Ortarhynchia,Bithynian,0
Orthonema,Changhsingian,0
Orthotetes,Changhsingian,0
Orthotetidae,Changhsingian,0
Orthotetoidea,Changhsingian,0
Orthothetina,Changhsingian,0
Orthothrix,Changhsingian,0
Orthotichia,Changhsingian,1
Orthotichia,Griesbachian,0
Ostrea,Pelsonian,0
Ostreoidea,Pelsonian,0
Otoceras,Changhsingian,1
Otoceras,Griesbachian,1
Otoceras,Dienerian,0
Otoceras,Spathian,0
Otoceratidae,Griesbachian,0
Owenites,Smithian,0
Oxylongobardites,Illyrian,0
Oxytoma,Spathian,0
Oxyussuria,Smithian,0
Pachydiscoceras,Changhsingian,0
Pachymyonia,Changhsingian,0
Pachyomphalus,Griesbachian,0
Pachyomphalus,Smithian,0
Pachyomphalus,Pelsonian,0
Pachyproptychites,Griesbachian,0
Pachyrisma,Bithynian,0
Palaeanodonta,Changhsingian,0
Palaeokazachstanites,Smithian,0
Palaeolima,Changhsingian,0
Palaeolima,Dienerian,0
Palaeolima,Pelsonian,0
Palaeonarica,Griesbachian,0
Palaeoneilo,Changhsingian,1
Palaeoneilo,Griesbachian,0
Palaeoneilo,Smithian,1
Palaeoneilo,Spathian,0
Palaeoneilo,Pelsonian,1
Palaeoneilo,Illyrian,1
Palaeonucula,Changhsingian,1
Palaeonucula,Griesbachian,1
Palaeonucula,Dienerian,0
Palaeonucula,Spathian,0
Palaeonucula,Pelsonian,0
Palaeophyllites,Spathian,0
Palaeophyllites,Illyrian,0
Palaeophyllitidae,Smithian,0
Palaeostylus,Changhsingian,0
Palanatina,Changhsingian,0
Panopea,Illyrian,1
Parabrekia,Pelsonian,0
Paraceratites,Aegean,0
Paraceratites,Pelsonian,1
Paraceratites,Illyrian,1
Paraceratitoides,Illyrian,0
Parachonetella,Changhsingian,0
Paracrochordiceras,Spathian,1
Paracrochordiceras,Aegean,0
Paracrochordiceras,Pelsonian,0
Paracrurithyris,Changhsingian,1
Paracrurithyris,Griesbachian,0
Paradanubites,Aegean,1
Paradanubites,Bithynian,0
Paradinarites,Spathian,0
Paradoxipecten,Changhsingian,0
Paradoxothyris,Spathian,0
Parafrechites,Illyrian,1
Paragastrioceratidae,Changhsingian,0
Paragoceras,Spathian,0
Parahedenstroemia,Dienerian,1
Parahedenstroemia,Smithian,0
Parahungarites,Illyrian,0
Parakellnerites,Illyrian,1
Parakymatites,Smithian,0
Paralepismatina,Pelsonian,1
Paralepismatina,Illyrian,1
Parallelodon,Changhsingian,0
Parallelodon,Smithian,1
Parallelodon,Spathian,0
Parallelodon,Bithynian,1
Parallelodon,Pelsonian,0
Paramexicoceras,Changhsingian,0
Paranannites,Dienerian,1
Paranannites,Smithian,1
Paranannites,Spathian,0
Paranannitidae,Smithian,0
Paranevadites,Illyrian,1
Paranorellina,Griesbachian,0
Paranorellina,Smithian,1
Paranorellina,Spathian,0
Paranorites,Griesbachian,1
Paranorites,Dienerian,1
Paranorites,Smithian,0
Paranoritidae,Smithian,0
Paranoritoides,Spathian,0
Paranudirostralina,Aegean,0
Paraorthotetina,Changhsingian,0
Parapopanoceras,Aegean,1
Parapopanoceras,Bithynian,1
Parapopanoceras,Pelsonian,1
Parapopanoceras,Illyrian,1
Parapulchratia,Changhsingian,0
Parapygmochonetes,Changhsingian,0
Parasageceras,Spathian,0
Parasageceras,Bithynian,0
Paraschizodus,Changhsingian,0
Parasibirites,Spathian,0
Parasphingites,Bithynian,0
Paraspidites,Smithian,0
Paraspiriferina,Changhsingian,0
Parastephanites,Smithian,0
Parasturia,Illyrian,1
Paratirolites,Changhsingian,0
Paratirolites,Smithian,0
Parussuria,Smithian,1
Parussuria,Spathian,0
Parvichonetes,Changhsingian,0
Paryphella,Changhsingian,1
Paryphella,Griesbachian,0
Pashtunites,Dienerian,1
Pashtunites,Smithian,0
Patellilabia,Changhsingian,0
Paucispinauriinae,Changhsingian,0
Pearylandites,Aegean,0
Pecten,Griesbachian,1
Pecten,Dienerian,1
Pecten,Smithian,1
Pecten,Spathian,0
Pecten,Pelsonian,1
Pecten,Illyrian,1
Pectenoproductus,Changhsingian,0
Pectinida,Changhsingian,1
Pectinida,Griesbachian,0
Pectinida,Smithian,0
Pectinidae,Spathian,0
Pectinidae,Bithynian,0
Pectinoidea,Changhsingian,0
Pectinoidea,Smithian,1
Pectinoidea,Spathian,1
Pectinoidea,Aegean,0
Pegmavalvula,Spathian,0
Peltichia,Changhsingian,0
Penglaites,Changhsingian,0
Peniculauris,Changhsingian,0
Pennospiriferinoidea,Changhsingian,0
Pentagonoceras,Changhsingian,0
Periallus,Dienerian,1
Periallus,Smithian,0
Peribositra,Changhsingian,1
Peribositra,Griesbachian,0
Peribositria,Dienerian,1
Peribositria,Smithian,1
Peribositria,Spathian,0
Peribositria,Illyrian,1
Periclaraia,Spathian,1
Periclaraia,Aegean,1
Periclaraia,Bithynian,0
Perigeyerella,Changhsingian,1
Perigeyerella,Griesbachian,0
Permasyrinx,Changhsingian,0
Permianaia,Changhsingian,0
Permianella,Changhsingian,0
Permianellidae,Changhsingian,0
Permoperna,Changhsingian,0
Permophorus,Changhsingian,1
Permophorus,Griesbachian,1
Permophorus,Dienerian,1
Permophorus,Smithian,1
Permophorus,Spathian,0
Permophricodothyris,Changhsingian,0
Permundaria,Changhsingian,0
Pernodoceras,Changhsingian,0
Pernopecten,Changhsingian,0
Pernopecten,Dienerian,1
Pernopecten,Smithian,1
Pernopecten,Spathian,0
Peruvispira,Changhsingian,0
Pexidella,Pelsonian,1
Pexidella,Illyrian,1
Phaenodesmia,Pelsonian,1
Phaenodesmia,Illyrian,0
Phestia,Changhsingian,0
Philippiella,Illyrian,1
Philippites,Pelsonian,1
Philippites,Illyrian,1
Phisonites,Changhsingian,0
Pholadomya,Spathian,0
Phricodothyris,Changhsingian,0
Phyllocladiscites,Bithynian,1
Phyllocladiscites,Pelsonian,1
Phyllocladiscites,Illyrian,1
Phyllosphaerites,Bithynian,0
Phymatopleura,Changhsingian,0
Physocardia,Pelsonian,0
Piarorhynchella,Dienerian,1
Piarorhynchella,Smithian,1
Piarorhynchella,Spathian,0
Piarorhynchella,Bithynian,0
Piarorhynchia,Illyrian,1
Pinna,Smithian,1
Pinna,Spathian,0
Pinna,Bithynian,0
Pinna,Illyrian,1
Pirithyris,Aegean,0
Placunopsis,Smithian,1
Placunopsis,Spathian,0
Placunopsis,Bithynian,1
Placunopsis,Pelsonian,1
Placunopsis,Illyrian,1
Plagiostoma,Changhsingian,0
Plagiostoma,Spathian,1
Plagiostoma,Aegean,1
Plagiostoma,Bithynian,1
Plagiostoma,Pelsonian,1
Plagiostoma,Illyrian,1
Planodiscoceras,Changhsingian,0
Platycancrinella,Changhsingian,0
Platyceratidae,Changhsingian,0
Platycuccoceras,Bithynian,1
Platycuccoceras,Pelsonian,0
Platyteichum,Changhsingian,0
Platyzona,Changhsingian,1
Platyzona,Griesbachian,0
Plekonella,Changhsingian,0
Pleurikodonta,Changhsingian,0
Pleurofrechites,Illyrian,1
Pleurogyronites,Dienerian,0
Pleuromya,Griesbachian,1
Pleuromya,Dienerian,1
Pleuromya,Smithian,1
Pleuromya,Spathian,1
Pleuromya,Aegean,1
Pleuromya,Bithynian,1
Pleuromya,Pelsonian,1
Pleuromya,Illyrian,1
Pleuronectites,Griesbachian,1
Pleuronectites,Dienerian,1
Pleuronectites,Smithian,1
Pleuronectites,Spathian,0
Pleuronectites,Bithynian,1
Pleuronectites,Pelsonian,1
Pleuronectites,Illyrian,1
Pleuronodoceras,Changhsingian,0
Pleuronodoceratidae,Changhsingian,0
Pleurophorus,Changhsingian,0
Pleurotomaria,Changhsingian,1
Pleurotomaria,Griesbachian,0
Pleurotomaria,Smithian,1
Pleurotomaria,Spathian,0
Pleurotomaria,Pelsonian,0
Pleurotomarioidea,Changhsingian,0
Plicatifera,Changhsingian,0
Plicatifera,Smithian,0
Plicatula,Pelsonian,0
Plicatus,Changhsingian,0
Plicochonetes,Changhsingian,0
Plocezyga,Changhsingian,0
Polidevcia,Changhsingian,0
Polidevcia,Pelsonian,0
Polinices,Spathian,0
Polinices,Illyrian,1
Polygyrina,Changhsingian,1
Polygyrina,Griesbachian,1
Polygyrina,Dienerian,1
Polygyrina,Smithian,1
Polygyrina,Spathian,0
Polygyrina,Bithynian,1
Polygyrina,Pelsonian,1
Polygyrina,Illyrian,1
Pondospirifer,Changhsingian,0
Pontisiinae,Griesbachian,0
Popanoceras,Spathian,0
Popanoceras,Illyrian,1
Popovites,Spathian,0
Porcellia,Changhsingian,0
Portneufia,Spathian,0
Posidonia,Changhsingian,1
Posidonia,Griesbachian,1
Posidonia,Dienerian,1
Posidonia,Smithian,1
Posidonia,Spathian,0
Posidonia,Pelsonian,1
Posidonia,Illyrian,1
Posidoniella,Changhsingian,0
Posidonomya,Changhsingian,1
Posidonomya,Griesbachian,0
Posidonomya,Spathian,0
Praechlamys,Changhsingian,1
Praechlamys,Griesbachian,0
Praechlamys,Spathian,0
Praechlamys,Pelsonian,0
Praedicerocardium,Bithynian,0
Praeotapiria,Spathian,0
Praepinacoceras,Pelsonian,1
Praepinacoceras,Illyrian,1
Praesibirites,Spathian,0
Praeundulomya,Changhsingian,0
Predazzella,Illyrian,0
Preflorianites,Dienerian,1
Preflorianites,Smithian,1
Preflorianites,Spathian,0
Preflorianitoides,Spathian,0
Prelissorhynchia,Changhsingian,1
Prelissorhynchia,Griesbachian,0
Prenkites,Smithian,1
Prenkites,Spathian,0
Prionites,Dienerian,1
Prionites,Smithian,0
Prionitidae,Smithian,0
Prionolobus,Changhsingian,1
Prionolobus,Griesbachian,1
Prionolobus,Dienerian,1
Prionolobus,Smithian,0
Proarcestes,Aegean,1
Proarcestes,Bithynian,1
Proarcestes,Pelsonian,1
Proarcestes,Illyrian,1
Proavites,Pelsonian,1
Proavites,Illyrian,0
Procarnites,Spathian,1
Procarnites,Aegean,0
Procladiscites,Spathian,1
Procladiscites,Aegean,1
Procladiscites,Bithynian,1
Procladiscites,Pelsonian,1
Procladiscites,Illyrian,1
Procolumbites,Spathian,0
Procurvoceratites,Smithian,0
Productida,Changhsingian,1
Productida,Griesbachian,0
Productina,Changhsingian,0
Productoidea,Changhsingian,0
Productus,Changhsingian,1
Productus,Griesbachian,0
Proharpoceras,Smithian,0
Prohungarites,Spathian,0
Promathilda,Smithian,0
Promathildia,Pelsonian,0
Promyalina,Changhsingian,1
Promyalina,Griesbachian,1
Promyalina,Dienerian,1
Promyalina,Smithian,1
Promyalina,Spathian,0
Promysidiella,Griesbachian,1
Promysidiella,Dienerian,1
Promysidiella,Smithian,1
Promysidiella,Spathian,1
Promysidiella,Aegean,1
Promysidiella,Bithynian,1
Promysidiella,Pelsonian,1
Promysidiella,Illyrian,1
Promytilus,Changhsingian,0
Promytilus,Spathian,0
Pronoetlingites,Bithynian,1
Pronoetlingites,Pelsonian,0
Proptychites,Griesbachian,1
Proptychites,Dienerian,1
Proptychites,Smithian,0
Proptychitidae,Dienerian,1
Proptychitidae,Smithian,0
Proptychitoides,Smithian,1
Proptychitoides,Spathian,1
Proptychitoides,Aegean,0
Propupaspira,Changhsingian,0
Prosoleptus,Pelsonian,0
Prosphingites,Smithian,1
Prosphingites,Spathian,0
Prosphingitoides,Smithian,0
Prospondylus,Changhsingian,0
Prospondylus,Pelsonian,0
Proteusites,Pelsonian,0
Protogusarella,Spathian,0
Protonerita,Spathian,0
Protonerita,Bithynian,0
Protopis,Smithian,1
Protopis,Spathian,0
Protopis,Illyrian,1
Protorcula,Pelsonian,0
Protostrea,Pelsonian,0
Protostylus,Changhsingian,0
Prototoceras,Changhsingian,0
Protrachyceras,Bithynian,0
Protrachyceras,Illyrian,1
Protropites,Spathian,0
Pseudacrochordiceras,Spathian,0
Pseudaspenites,Dienerian,1
Pseudaspenites,Smithian,0
Pseudaspidites,Dienerian,1
Pseudaspidites,Smithian,1
Pseudaspidites,Spathian,0
Pseudobaylea,Changhsingian,0
Pseudoceltites,Smithian,1
Pseudoceltites,Spathian,0
Pseudocorbula,Dienerian,0
Pseudocorbula,Spathian,1
Pseudocorbula,Aegean,1
Pseudocorbula,Bithynian,1
Pseudocorbula,Pelsonian,1
Pseudocorbula,Illyrian,1
Pseudodanubites,Bithynian,1
Pseudodanubites,Pelsonian,0
Pseudoflemingites,Smithian,0
Pseudogalfettites,Smithian,0
Pseudogastrioceras,Changhsingian,0
Pseudohollandites,Bithynian,0
Pseudokeyserlingites,Aegean,0
Pseudolabaia,Changhsingian,0
Pseudolimea,Spathian,0
Pseudomonotidae,Changhsingian,0
Pseudomonotis,Changhsingian,1
Pseudomonotis,Griesbachian,1
Pseudomonotis,Dienerian,1
Pseudomonotis,Smithian,1
Pseudomonotis,Spathian,0
Pseudomonotis,Pelsonian,1
Pseudomonotis,Illyrian,1
Pseudomurchisonia,Griesbachian,1
Pseudomurchisonia,Dienerian,0
Pseudomyoconcha,Spathian,1
Pseudomyoconcha,Aegean,0
Pseudomyoconcha,Pelsonian,0
Pseudopermophorus,Spathian,0
Pseudoplacunopsis,Pelsonian,0
Pseudoproptychites,Griesbachian,1
Pseudoproptychites,Dienerian,1
Pseudoproptychites,Smithian,0
Pseudoprosphingites,Smithian,1
Pseudoprosphingites,Spathian,0
Pseudopugnax,Changhsingian,0
Pseudosageceras,Griesbachian,1
Pseudosageceras,Dienerian,1
Pseudosageceras,Smithian,1
Pseudosageceras,Spathian,1
Pseudosageceras,Aegean,0
Pseudoscalites,Pelsonian,0
Pseudospiriferina,Spathian,1
Pseudospiriferina,Aegean,0
Pseudospiriferina,Pelsonian,1
Pseudospiriferina,Illyrian,1
Pseudostephanites,Changhsingian,0
Pseudostreptorhynchus,Changhsingian,0
Pseudosvalbardiceras,Spathian,0
Pseudotirolites,Changhsingian,0
Pseudotoceras,Changhsingian,0
Pseudotritonium,Smithian,0
Pseudowellerella,Changhsingian,0
Pseudozygopleura,Changhsingian,0
Pseudozygopleuridae,Griesbachian,0
Psilocamara,Changhsingian,0
Psilocladiscites,Bithynian,0
Psilosturia,Aegean,1
Psilosturia,Bithynian,1
Psilosturia,Pelsonian,1
Psilosturia,Illyrian,1
Pteria,Changhsingian,1
Pteria,Griesbachian,1
Pteria,Dienerian,1
Pteria,Smithian,1
Pteria,Spathian,0
Pteria,Bithynian,1
Pteria,Pelsonian,0
Pterineidae,Changhsingian,0
Pterinopectinidae,Changhsingian,0
Pterioida,Changhsingian,0
Pterioida,Spathian,0
Pterioidea,Changhsingian,0
Pterioidea,Spathian,0
Pteroclaraia,Dienerian,0
Pteronites,Changhsingian,0
Pteroplecta,Changhsingian,0
Ptychites,Aegean,1
Ptychites,Bithynian,1
Ptychites,Pelsonian,1
Ptychites,Illyrian,1
Ptychobellerophon,Changhsingian,0
Ptychomentzelia,Aegean,1
Ptychomentzelia,Bithynian,1
Ptychomentzelia,Pelsonian,0
Ptychomphalina,Changhsingian,0
Ptychopteria,Changhsingian,0
Ptychosphaera,Changhsingian,0
Ptychosphaerites,Pelsonian,0
Pugnax,Changhsingian,0
Punctospirella,Bithynian,1
Punctospirella,Pelsonian,1
Punctospirella,Illyrian,1
Punctospirifer,Changhsingian,0
Punjabites,Smithian,0
Pustula,Changhsingian,1
Pustula,Griesbachian,0
Pustuloplica,Changhsingian,0
Pygmochonetes,Changhsingian,0
Pyramus,Changhsingian,0
Qianjiangoceras,Changhsingian,0
Qinghaispiriferina,Aegean,0
Qinglongia,Changhsingian,0
Qinglongites,Changhsingian,0
Qingyenia,Pelsonian,0
Quinquenella,Changhsingian,0
Radioceras,Dienerian,1
Radioceras,Smithian,0
Radioprionites,Smithian,0
Ramonalina,Pelsonian,0
Ramusatomaria,Illyrian,0
Rasatomaria,Bithynian,0
Rasatomaria,Illyrian,0
Rectambitus,Changhsingian,0
Reiflingites,Bithynian,1
Reiflingites,Pelsonian,1
Reiflingites,Illyrian,0
Reitziites,Illyrian,0
Repossia,Illyrian,0
Reticulariina,Changhsingian,0
Reticulatia,Changhsingian,0
Retimarginifera,Changhsingian,0
Retiogastrioceras,Changhsingian,0
Retispira,Changhsingian,1
Retispira,Griesbachian,0
Retzia,Changhsingian,0
Retzia,Pelsonian,0
Rhaetina,Spathian,0
Rhaetina,Bithynian,0
Rhaphistomella,Changhsingian,0
Rhaphistomella,Pelsonian,0
Rhipidomella,Changhsingian,0
Rhynchonella,Spathian,0
Rhynchonella,Pelsonian,1
Rhynchonella,Illyrian,1
Rhynchonellata,Griesbachian,0
Rhynchonellida,Changhsingian,1
Rhynchonellida,Griesbachian,0
Rhynchonellida,Smithian,1
Rhynchonellida,Spathian,0
Rhynchonellida,Pelsonian,0
Rhynchonellidae,Changhsingian,1
Rhynchonellidae,Griesbachian,0
Rhynchonellidae,Spathian,0
Rhynchonelliformea,Changhsingian,1
Rhynchonelliformea,Griesbachian,0
Rhynchopterus,Illyrian,0
Richthofenia,Changhsingian,0
Richthofeniidae,Changhsingian,0
Rieberites,Illyrian,0
Rieppelites,Pelsonian,1
Rieppelites,Illyrian,1
Rinaldoella,Pelsonian,0
Riselloidea,Pelsonian,0
Robinsonites,Aegean,1
Robinsonites,Bithynian,0
Rohillites,Smithian,0
Romaniamya,Bithynian,0
Ronconites,Illyrian,0
Rongjiangoceras,Changhsingian,0
Roopnarinites,Smithian,0
Rostranteris,Changhsingian,0
Rotodiscoceras,Changhsingian,0
Royalella,Changhsingian,0
Rudolftruempyiceras,Spathian,0
Rufilla,Illyrian,0
Rugaria,Changhsingian,0
Rugiclaraia,Dienerian,0
Rugicostella,Changhsingian,0
Rugivestis,Changhsingian,0
Rutorhynchia,Pelsonian,0
Sabaliceras,Changhsingian,0
Sacothyris,Pelsonian,0
Saeptathaerus,Changhsingian,0
Safraites,Smithian,0
Sageceras,Changhsingian,0
Sageceras,Aegean,1
Sageceras,Bithynian,1
Sageceras,Pelsonian,1
Sageceras,Illyrian,1
Sakhaites,Dienerian,1
Sakhaites,Smithian,0
Sakhaitoides,Dienerian,0
Sanguinolites,Changhsingian,0
Sarepta,Changhsingian,0
Sarepta,Spathian,1
Sarepta,Aegean,0
Sarepta,Illyrian,0
Sarytchevinella,Changhsingian,0
Scacchinella,Changhsingian,0
Schafhaeutlia,Griesbachian,0
Schafhaeutlia,Spathian,1
Schafhaeutlia,Aegean,1
Schafhaeutlia,Bithynian,1
Schafhaeutlia,Pelsonian,1
Schafhaeutlia,Illyrian,1
Schellwienella,Changhsingian,0
Schizodus,Changhsingian,0
Schizogonium,Pelsonian,1
Schizogonium,Illyrian,1
Schizoloboceras,Changhsingian,0
Schizophoria,Changhsingian,0
Schrenkiella,Changhsingian,0
Schreyerites,Pelsonian,1
Schreyerites,Illyrian,1
Schuchertella,Changhsingian,0
Schwagerispira,Smithian,0
Schwagerispira,Aegean,1
Schwagerispira,Bithynian,1
Schwagerispira,Pelsonian,1
Schwagerispira,Illyrian,1
Scurriopsis,Spathian,0
Scurriopsis,Pelsonian,0
Scythentolium,Griesbachian,1
Scythentolium,Dienerian,1
Scythentolium,Smithian,1
Scythentolium,Spathian,0
Scythentolium,Bithynian,0
Sedgwickia,Changhsingian,0
Selenimyalina,Changhsingian,0
Selongthyris,Smithian,0
Sementiconcha,Smithian,1
Sementiconcha,Spathian,0
Semibrachythyrina,Changhsingian,0
Semiornites,Pelsonian,1
Semiornites,Illyrian,1
Septaliphorioidea,Pelsonian,0
Septimyalina,Changhsingian,0
Septospirigerella,Changhsingian,0
Serpianites,Illyrian,0
Shamaraites,Dienerian,1
Shamaraites,Smithian,0
Shangganites,Griesbachian,1
Shangganites,Dienerian,0
Shangsilites,Changhsingian,0
Shevyrevites,Changhsingian,0
Shigetaceras,Smithian,0
Shimanskyites,Smithian,0
Sibirites,Spathian,0
Sichuanothyris,Changhsingian,0
Silberlingeria,Smithian,1
Silberlingeria,Spathian,0
Silberlingites,Aegean,0
Silberlingitoides,Illyrian,1
Silesiathyris,Pelsonian,1
Silesiathyris,Illyrian,1
Simplicisulcus,Changhsingian,0
Sinbadiella,Smithian,0
Sinoceltites,Changhsingian,0
Sinoglottidia,Changhsingian,1
Sinoglottidia,Griesbachian,0
Sinolingularia,Griesbachian,0
Sinorhynchia,Pelsonian,0
Sinuarbullina,Griesbachian,1
Sinuarbullina,Dienerian,0
Sinucosta,Aegean,0
Sinucosta,Pelsonian,1
Sinucosta,Illyrian,1
Sinuitina,Changhsingian,0
Sisenna,Bithynian,1
Sisenna,Pelsonian,1
Sisenna,Illyrian,1
Solariconulus,Spathian,0
Solemya,Changhsingian,0
Solemya,Smithian,0
Solemya,Illyrian,1
Soleniscus,Changhsingian,0
Soleniscus,Smithian,0
Songzichonetes,Changhsingian,0
Sowerbina,Changhsingian,0
Speciothyris,Changhsingian,1
Speciothyris,Griesbachian,0
Spengleria,Changhsingian,0
Sphaera,Bithynian,0
Sphaeriola,Changhsingian,0
Spinomarginifera,Changhsingian,1
Spinomarginifera,Griesbachian,0
Spinomartinia,Changhsingian,0
Spirelytha,Changhsingian,0
Spirifer,Changhsingian,0
Spiriferella,Changhsingian,0
Spiriferellina,Changhsingian,0
Spiriferida,Changhsingian,0
Spiriferida,Smithian,0
Spiriferidae,Changhsingian,0
Spiriferidina,Changhsingian,0
Spiriferina,Griesbachian,0
Spiriferina,Smithian,0
Spiriferina,Pelsonian,1
Spiriferina,Illyrian,1
Spiriferinoidea,Changhsingian,0
Spiriferoidea,Spathian,0
Spirigera,Pelsonian,0
Spirigerella,Changhsingian,0
Spirigerellina,Changhsingian,0
Spirigerellina,Smithian,1
Spirigerellina,Spathian,1
Spirigerellina,Aegean,1
Spirigerellina,Bithynian,1
Spirigerellina,Pelsonian,1
Spirigerellina,Illyrian,1
Spirigerellinae,Changhsingian,0
Spirochrysalis,Spathian,0
Spirochrysalis,Pelsonian,0
Spiroscala,Changhsingian,0
Spirostylus,Bithynian,1
Spirostylus,Pelsonian,0
Spirovallum,Changhsingian,0
Squamularia,Changhsingian,0
Stacheites,Spathian,0
Stachella,Changhsingian,1
Stachella,Griesbachian,0
Stacheoceras,Changhsingian,0
Stannakhites,Bithynian,0
Steckites,Smithian,0
Stenophyllites,Spathian,1
Stenophyllites,Aegean,0
Stenopopanoceras,Aegean,1
Stenopopanoceras,Bithynian,1
Stenopopanoceras,Pelsonian,0
Stenoscisma,Changhsingian,0
Stepanoviella,Changhsingian,0
Stephanites,Smithian,0
Stipulina,Changhsingian,0
Stoppaniceras,Illyrian,0
Stoyanowites,Changhsingian,0
Straparella,Changhsingian,0
Straparollus,Changhsingian,0
Straparollus,Pelsonian,0
Streblochondria,Changhsingian,0
Streblochondria,Smithian,0
Streblopermia,Changhsingian,0
Streblopteria,Changhsingian,0
Streblopterinella,Smithian,1
Streblopterinella,Spathian,0
Streptacis,Changhsingian,1
Streptacis,Griesbachian,0
Streptorhynchinae,Changhsingian,0
Streptorhynchus,Changhsingian,0
Striacingulum,Illyrian,0
Striatospica,Changhsingian,0
Strigogoniatites,Changhsingian,0
Strobeus,Changhsingian,1
Strobeus,Griesbachian,1
Strobeus,Dienerian,1
Strobeus,Smithian,0
Strophalosia,Changhsingian,0
Strophalosiidae,Changhsingian,0
Strophalosiina,Changhsingian,0
Strotostoma,Changhsingian,0
Stuoraxis,Changhsingian,0
Stuorella,Pelsonian,1
Stuorella,Illyrian,0
Sturia,Aegean,1
Sturia,Bithynian,1
Sturia,Pelsonian,1
Sturia,Illyrian,1
Stutchburia,Changhsingian,1
Stutchburia,Griesbachian,1
Stutchburia,Dienerian,0
Subacerites,Dienerian,0
Subalbanites,Smithian,0
Subbalhaeceras,Smithian,0
Subcolumbites,Spathian,0
Subeothinites,Changhsingian,0
Subfengshanites,Spathian,0
Subflemingites,Smithian,0
Subhungarites,Spathian,0
Subinyoites,Dienerian,1
Subinyoites,Smithian,0
Submeekoceras,Dienerian,1
Submeekoceras,Smithian,1
Submeekoceras,Spathian,0
Subolenekites,Spathian,0
Subowenites,Smithian,0
Subradioceras,Smithian,0
Subtilichonetes,Changhsingian,0
Subvishnuites,Smithian,1
Subvishnuites,Spathian,0
Sulcatinella,Spathian,0
Sulcatinella,Bithynian,1
Sulcatinella,Pelsonian,0
Sulcirugaria,Changhsingian,0
Sulcispiriferina,Changhsingian,0
Sulioticeras,Spathian,0
Sutchanites,Changhsingian,0
Svalbardiceras,Smithian,1
Svalbardiceras,Spathian,1
Svalbardiceras,Aegean,0
Syrella,Changhsingian,0
Syringothyrididae,Changhsingian,0
Syringothyridoidea,Changhsingian,0
Syringothyris,Changhsingian,0
Taeniothaerus,Changhsingian,0
Taimyria,Changhsingian,0
Taimyrites,Aegean,0
Taimyrodon,Spathian,1
Taimyrodon,Aegean,1
Taimyrodon,Bithynian,1
Taimyrodon,Pelsonian,1
Taimyrodon,Illyrian,1
Taimyronectes,Aegean,0
Taimyronectes,Illyrian,0
Tambanella,Changhsingian,0
Tapashanites,Changhsingian,0
Tapashanitidae,Changhsingian,0
Tapponnierites,Spathian,0
Tardicolumbites,Spathian,0
Tarimathyris,Changhsingian,0
Tautosia,Changhsingian,0
Tectarea,Changhsingian,0
Tellerites,Smithian,1
Tellerites,Spathian,0
Temnotropis,Pelsonian,1
Temnotropis,Illyrian,0
Tenuichonetes,Changhsingian,0
Terebratula,Griesbachian,1
Terebratula,Dienerian,0
Terebratula,Illyrian,1
Terebratulida,Spathian,0
Terebratulida,Pelsonian,1
Terebratulida,Illyrian,1
Terebratulidina,Smithian,0
Terebratuloidea,Changhsingian,1
Terebratuloidea,Griesbachian,0
Terquemia,Griesbachian,0
Terquemia,Aegean,0
Terquemia,Pelsonian,1
Terquemia,Illyrian,1
Terquemiidae,Pelsonian,0
Terrakea,Changhsingian,0
Teserina,Changhsingian,0
Tethyochonetes,Changhsingian,0
Tethysiella,Changhsingian,0
Tetractinella,Bithynian,1
Tetractinella,Pelsonian,1
Tetractinella,Illyrian,1
Tetsaoceras,Bithynian,1
Tetsaoceras,Pelsonian,0
Texturaspira,Pelsonian,1
Texturaspira,Illyrian,1
Thanamites,Illyrian,0
Thecocyrtella,Pelsonian,0
Thecocyrtelloidea,Pelsonian,0
Thermalites,Smithian,0
Thyratryaria,Smithian,0
Ticinites,Illyrian,0
Timoceras,Spathian,0
Tipispirifer,Changhsingian,0
Tiramnia,Changhsingian,0
Tirolites,Smithian,1
Tirolites,Spathian,0
Tjururpites,Spathian,0
Tomiopsis,Changhsingian,0
Tompophiceras,Changhsingian,1
Tompophiceras,Griesbachian,0
Tompoproptychites,Dienerian,0
Tongzithyris,Changhsingian,0
Tosuhuthyris,Aegean,0
Towapteria,Changhsingian,1
Towapteria,Griesbachian,1
Towapteria,Dienerian,0
Toxoconcha,Dienerian,0
Toxoconcha,Pelsonian,0
Tozericeras,Spathian,0
Tozerites,Illyrian,1
Trabeculatia,Changhsingian,0
Trachybembix,Changhsingian,0
Trachybembix,Dienerian,0
Trachybembix,Illyrian,0
Trachyceras,Illyrian,1
Trachydomia,Changhsingian,0
Trachynerita,Pelsonian,1
Trachynerita,Illyrian,1
Trachyspira,Changhsingian,0
Trachyspiridae,Dienerian,0
Transcaucasathyris,Changhsingian,0
Transennatia,Changhsingian,0
Trentingula,Changhsingian,1
Trentingula,Griesbachian,1
Trentingula,Dienerian,1
Trentingula,Smithian,0
Triassocirrus,Bithynian,1
Triassocirrus,Pelsonian,0
Trigoniacea,Spathian,0
Trigonioidea,Spathian,0
Trigonirhynchella,Pelsonian,1
Trigonirhynchella,Illyrian,0
Trigonodidae,Griesbachian,0
Trigonodus,Smithian,1
Trigonodus,Spathian,0
Trigonodus,Pelsonian,0
Trigonogastrites,Changhsingian,0
Trigonotreta,Changhsingian,0
Trigonucula,Smithian,0
Trochidae,Pelsonian,0
Trochotoma,Smithian,0
Trochus,Pelsonian,0
Tropidelasma,Changhsingian,0
Tropidodiscus,Changhsingian,0
Tropigastrites,Aegean,1
Tropigastrites,Bithynian,0
Tropigastrites,Illyrian,1
Tropigymnites,Pelsonian,1
Tropigymnites,Illyrian,1
Truempyceras,Smithian,0
Trypanostylus,Pelsonian,0
Tschernyschewia,Changhsingian,0
Tulongites,Smithian,0
Tulungospirifer,Aegean,1
Tulungospirifer,Bithynian,1
Tulungospirifer,Pelsonian,0
Tunethyris,Illyrian,0
Tunglanites,Spathian,0
Turbinidae,Bithynian,1
Turbinidae,Pelsonian,0
Tyloplecta,Changhsingian,0
Tyrsoecus,Pelsonian,0
Umbrostrea,Bithynian,1
Umbrostrea,Pelsonian,1
Umbrostrea,Illyrian,1
Uncinunellina,Changhsingian,1
Uncinunellina,Griesbachian,0
Undularia,Aegean,0
Undularia,Pelsonian,0
Unicardium,Smithian,1
Unicardium,Spathian,0
Unicardium,Bithynian,1
Unicardium,Pelsonian,0
Unio,Pelsonian,0
Unionites,Changhsingian,1
Unionites,Griesbachian,1
Unionites,Dienerian,1
Unionites,Smithian,1
Unionites,Spathian,1
Unionites,Aegean,0
Unionites,Pelsonian,1
Unionites,Illyrian,1
Unionvillites,Bithynian,0
Uniplicatorhynchia,Spathian,1
Uniplicatorhynchia,Aegean,0
Urdyceras,Smithian,0
Urushtenia,Changhsingian,0
Urushtenoidea,Changhsingian,0
Ussuria,Smithian,0
Ussuriaspenites,Smithian,0
Ussuridiscus,Griesbachian,1
Ussuridiscus,Dienerian,1
Ussuridiscus,Smithian,0
Ussuriflemingites,Dienerian,1
Ussuriflemingites,Smithian,0
Ussuriidae,Smithian,0
Ussurijuvenites,Smithian,0
Ussuriphyllites,Spathian,0
Ussurites,Spathian,1
Ussurites,Aegean,1
Ussurites,Bithynian,0
Ussurites,Illyrian,1
Vacunella,Changhsingian,0
Vavilovites,Dienerian,0
Vediproductus,Changhsingian,0
Vercherites,Smithian,0
Vermicularia,Pelsonian,0
Vernelia,Griesbachian,0
Vernelia,Smithian,0
Vernelia,Pelsonian,0
Verneuilnodon,Changhsingian,0
Veteranella,Changhsingian,0
Vetigastropoda,Bithynian,0
Vex,Smithian,1
Vex,Spathian,0
Vickohlerites,Spathian,0
Viezzenella,Illyrian,0
Vishnuites,Griesbachian,1
Vishnuites,Dienerian,0
Vistilia,Pelsonian,1
Vistilia,Illyrian,1
Volirhynchia,Pelsonian,1
Volirhynchia,Illyrian,1
Volsellina,Changhsingian,0
Voluceropecten,Changhsingian,0
Vorobyevites,Bithynian,0
Waagenella,Changhsingian,0
Waagenites,Changhsingian,1
Waagenites,Griesbachian,0
Waagenoconcha,Changhsingian,0
Wadispirifer,Changhsingian,0
Wailiceras,Smithian,0
Wairakiella,Changhsingian,0
Wairakispirifer,Changhsingian,0
Waldheimia,Pelsonian,1
Waldheimia,Illyrian,1
Wangrenoceras,Changhsingian,0
Wannerispira,Changhsingian,1
Wannerispira,Griesbachian,0
Warthia,Changhsingian,1
Warthia,Griesbachian,1
Warthia,Dienerian,1
Warthia,Smithian,0
Wasatchites,Smithian,1
Wasatchites,Spathian,0
Weitschaticeras,Smithian,0
Wellerella,Changhsingian,0
Wellerellidae,Griesbachian,0
Wellerellina,Changhsingian,0
Werfenella,Griesbachian,0
Werfenella,Spathian,0
Whitspakia,Changhsingian,0
Wilkingia,Changhsingian,0
Woehrmannia,Pelsonian,0
Wordieoceras,Griesbachian,0
Worthenia,Changhsingian,1
Worthenia,Griesbachian,0
Worthenia,Smithian,1
Worthenia,Spathian,0
Worthenia,Bithynian,1
Worthenia,Pelsonian,1
Worthenia,Illyrian,1
Wortheniella,Smithian,1
Wortheniella,Spathian,0
Wortheniella,Pelsonian,1
Wortheniella,Illyrian,1
Wortheniopsis,Spathian,0
Wortheniopsis,Bithynian,0
Wortheniopsis,Illyrian,0
Wyndhamia,Changhsingian,0
Wyomingites,Dienerian,1
Wyomingites,Smithian,0
Xenoceltites,Smithian,1
Xenoceltites,Spathian,0
Xenoceltitidae,Smithian,0
Xenodiscidae,Changhsingian,0
Xenodiscoides,Dienerian,1
Xenodiscoides,Smithian,0
Xenodiscus,Changhsingian,1
Xenodiscus,Griesbachian,0
Xenodiscus,Smithian,1
Xenodiscus,Spathian,0
Xiaoqiaoceras,Smithian,0
Xinanopecten,Changhsingian,0
Yaonoiella,Changhsingian,0
Yunnania,Changhsingian,0
Yvesgalleticeras,Spathian,0
Zenoites,Spathian,0
Zhongliangshania,Changhsingian,0
Ziyunites,Spathian,1
Ziyunites,Aegean,0
Zygites,Pelsonian,0
Zygopleura,Griesbachian,0
Zygopleura,Smithian,0
Zygopleura,Aegean,0
Zygopleura,Pelsonian,0
Zygopleuridae,Dienerian,0
